,Name,Alias,Class,ID,Rarity,Drain,Max Lvl.,ATK lvl. 1,HP lvl. 1,ATK lvl. 70,HP lvl. 70,ATK lvl. 100,HP lvl. 100,MAX ATK + Fou,MAX HP + Fou,NP gain,Star Weight,Star Rate,Death Rate,Buster Card Hits,Arts Card Hits,Quick Card Hits,Extra Attack,Attribute,Noble Phantasm Hits,Traits,ATK NP gain,DEF NP gain
0,Mash Kyrielight,Galahad,Shielder,1,★★★ R,0,70,"1,261","1,854","6,791","10,302","10,575","15,619","12,575","17,619",Attack: 0.84% ・ Defense: 3.00%,99,9.90%,24.50%,1  ,2  ,2  ,3 Hits,Earth,0  ,"Female,　Servant,　Humanoid,　Weak to Enuma Elish,　Riding,　Sky or Earth Servant,　Demi-Servant", 0.84% ,  3.00%
1,Altria Pendragon,"King Arthur,　King of Knights",Saber,2,★★★★★ SSR,16,90,"1,734","2,222","11,221","15,150","12,283","16,597","14,283","18,597",Attack: 0.86% ・ Defense: 3.00%,102,10.00%,21.00%,1  ,2  ,2  ,3 Hits,Earth,1  ,"Female,　Servant,　Humanoid,　Dragon,　Weak to Enuma Elish,　Riding,　Altria Face,　Arthur,　Sky or Earth Servant,　King", 0.86% ,  3.00%
2,Altria Pendragon (Alter),"King Arthur,　King of Knights",Saber,3,★★★★ SR,12,80,"1,708","1,854","10,248","11,589","12,408","14,051","14,408","16,051",Attack: 0.86% ・ Defense: 3.00%,99,9.90%,19.20%,1  ,2  ,2  ,3 Hits,Man,3  ,"Female,　Servant,　Humanoid,　Dragon,　Weak to Enuma Elish,　Altria Face,　Arthur,　King", 0.86% ,  3.00%
3,Altria Pendragon (Lily),"King Arthur,　King of Knights",Saber,4,★★★★ SR,12,80,"1,287","1,699","7,726","10,623","9,355","12,880","11,355","14,880",Attack: 0.86% ・ Defense: 3.00%,102,10.00%,21.00%,1  ,2  ,2  ,3 Hits,Earth,8  ,"Female,　Servant,　Humanoid,　Dragon,　Weak to Enuma Elish,　Riding,　Altria Face,　Arthur,　Sky or Earth Servant,　King", 0.86% ,  3.00%
4,Nero Claudius,Empress of Rose,Saber,5,★★★★ SR,12,80,"1,574","1,880","9,449","11,753","11,441","14,250","13,441","16,250",Attack: 0.84% ・ Defense: 3.00%,102,10.10%,24.50%,1  ,2  ,2  ,5 Hits,Man,1  ,"Female,　Servant,　Humanoid,　Weak to Enuma Elish,　Riding,　Roman,　Altria Face,　King", 0.84% ,  3.00%
5,Siegfried,The Dragon-Slayer,Saber,6,★★★★ SR,12,80,"1,363","2,266","8,181","14,165","9,905","17,175","11,905","19,175",Attack: 0.83% ・ Defense: 3.00%,97,10.00%,28.00%,1  ,2  ,2  ,3 Hits,Earth,1  ,"Male,　Servant,　Humanoid,　Dragon,　Weak to Enuma Elish,　Riding,　Brynhild's Beloved,　Sky or Earth Servant,　King", 0.83% ,  3.00%
6,Gaius Julius Caesar,Caesar,Saber,7,★★★ R,7,70,"1,392","1,727","7,497","9,595","10,146","13,009","12,146","15,009",Attack: 1.10% ・ Defense: 3.00%,99,10.00%,31.50%,1  ,2  ,2  ,3 Hits,Man,10  ,"Male,　Servant,　Humanoid,　Divine,　Weak to Enuma Elish,　Riding,　Roman,　Brynhild's Beloved,　King", 1.10% ,  3.00%
7,Altera,"Attila the Hun,　Flagellum Dei,　Scourge of God",Saber,8,★★★★★ SSR,16,90,"1,907","2,039","12,343","13,907","13,511","15,236","15,511","17,236",Attack: 0.84% ・ Defense: 3.00%,102,10.10%,24.50%,1  ,2  ,2  ,4 Hits,Man,1  ,"Female,　Servant,　Humanoid,　Divine,　Weak to Enuma Elish,　Riding,　King", 0.84% ,  3.00%
8,Gilles de Rais,Bluebeard,Saber,9,★★★ R,7,70,"1,228","1,889","6,615","10,498","8,952","14,234","10,952","16,234",Attack: 0.82% ・ Defense: 3.00%,98,9.90%,31.50%,1  ,2  ,2  ,3 Hits,Man,1  ,"Male,　Servant,　Humanoid,　Weak to Enuma Elish,　Riding,　Brynhild's Beloved", 0.82% ,  3.00%
9,Chevalier d'Eon,The Dragoon,Saber,10,★★★★ SR,12,80,"1,460","2,121","8,765","13,256","10,613","16,073","12,613","18,073",Attack: 0.83% ・ Defense: 3.00%,102,10.00%,28.00%,1  ,2  ,2  ,3 Hits,Man,1  ,"Servant,　Humanoid,　Weak to Enuma Elish,　Riding", 0.83% ,  3.00%
10,Emiya,"Emiya Shirou,　Nameless",Archer,11,★★★★ SR,12,80,"1,566","1,843","9,398","11,521","11,379","13,969","13,379","15,969",Attack: 0.51% ・ Defense: 3.00%,145,7.90%,31.50%,1  ,3  ,2  ,5 Hits,Man,10  ,"Male,　Servant,　Humanoid,　Weak to Enuma Elish,　Brynhild's Beloved", 0.51% ,  3.00%
11,Gilgamesh,"King of Heroes,　Tyrant King of Uruk",Archer,12,★★★★★ SSR,16,90,"1,897","1,920","12,280","13,097","13,442","14,348","15,442","16,348",Attack: 0.34% ・ Defense: 3.00%,153,7.90%,31.50%,5  ,5  ,5  ,8 Hits,Sky,1  ,"Male,　Servant,　Humanoid,　Divine,　Weak to Enuma Elish,　Sky or Earth Servant,　King", 0.34% ,  3.00%
12,Robin Hood,Nameless King,Archer,13,★★★ R,7,70,"1,247","1,833","6,715","10,187","9,088","13,812","11,088","15,812",Attack: 0.87% ・ Defense: 3.00%,150,8.00%,31.50%,1  ,2  ,3  ,3 Hits,Man,1  ,"Male,　Servant,　Humanoid,　Weak to Enuma Elish,　Brynhild's Beloved", 0.87% ,  3.00%
13,Atalante,Atalanta,Archer,14,★★★★ SR,12,80,"1,438","1,996","8,633","12,476","10,453","15,127","12,453","17,127",Attack: 0.50% ・ Defense: 3.00%,148,8.00%,31.50%,1  ,2  ,3  ,3 Hits,Earth,10  ,"Female,　Servant,　Humanoid,　Weak to Enuma Elish,　Sky or Earth Servant", 0.50% ,  3.00%
14,Euryale,Second Gorgon Sister,Archer,15,★★★ R,7,70,"1,306","1,711","7,032","9,506","9,517","12,889","11,517","14,889",Attack: 0.90% ・ Defense: 3.00%,156,7.90%,22.50%,1  ,2  ,3  ,3 Hits,Sky,1  ,"Female,　Servant,　Humanoid,　Divine,　Weak to Enuma Elish,　Sky or Earth Servant", 0.90% ,  3.00%
15,Arash,Arash the Archer,Archer,16,★,3,60,"1,057","1,424","5,816","7,122","9,037","10,979","11,037","12,979",Attack: 0.84% ・ Defense: 3.00%,147,8.00%,45.00%,1  ,2  ,3  ,3 Hits,Earth,1  ,"Male,　Servant,　Humanoid,　Weak to Enuma Elish,　Brynhild's Beloved,　Sky or Earth Servant", 0.84% ,  3.00%
16,Cu Chulainn,Hound of Ulster,Lancer,17,★★★ R,7,70,"1,344","1,726","7,239","9,593","9,797","13,007","11,797","15,007",Attack: 1.07% ・ Defense: 4.00%,87,12.10%,32.00%,1  ,2  ,2  ,3 Hits,Sky,1  ,"Male,　Servant,　Humanoid,　Divine,　Weak to Enuma Elish,　Brynhild's Beloved,　Sky or Earth Servant", 1.07% ,  4.00%
17,Elisabeth Bathory,Blood Countess,Lancer,18,★★★★ SR,12,80,"1,520","1,899","9,122","11,870","11,045","14,392","13,045","16,392",Attack: 1.10% ・ Defense: 4.00%,90,11.80%,24.00%,1  ,2  ,2  ,3 Hits,Man,5  ,"Female,　Servant,　Humanoid,　Dragon,　Weak to Enuma Elish", 1.10% ,  4.00%
18,Musashibou Benkei,Hitachibou Kaison,Lancer,19,★★,4,65,"1,029","1,722","5,801","9,149","8,406","13,204","10,406","15,204",Attack: 0.79% ・ Defense: 4.00%,89,11.90%,36.00%,1  ,2  ,2  ,3 Hits,Man,1  ,"Male,　Servant,　Humanoid,　Weak to Enuma Elish,　Brynhild's Beloved", 0.79% ,  4.00%
19,Cu Chulainn (Prototype),Hound of Ulster,Lancer,20,★★★ R,7,70,"1,315","1,817","7,082","10,089","9,584","13,691","11,584","15,691",Attack: 1.08% ・ Defense: 4.00%,88,12.10%,28.00%,1  ,2  ,2  ,3 Hits,Sky,1  ,"Male,　Servant,　Humanoid,　Divine,　Weak to Enuma Elish,　Sky or Earth Servant", 1.08% ,  4.00%
20,Leonidas I,Leonidas,Lancer,21,★★,4,65,"1,168","1,498","6,583","7,959","9,539","11,486","11,539","13,486",Attack: 1.07% ・ Defense: 4.00%,89,11.80%,32.00%,1  ,2  ,2  ,3 Hits,Man,1  ,"Male,　Servant,　Humanoid,　Weak to Enuma Elish,　King", 1.07% ,  4.00%
21,Romulus,Great Founder of Rome,Lancer,22,★★★ R,7,70,"1,344","1,779","7,239","9,883","9,797","13,400","11,797","15,400",Attack: 1.07% ・ Defense: 4.00%,90,12.10%,32.00%,1  ,2  ,2  ,3 Hits,Star,7  ,"Male,　Servant,　Humanoid,　Not Weak to Enuma Elish,　Roman,　King", 1.07% ,  4.00%
22,Medusa,Youngest Gorgon Sister,Rider,23,★★★ R,7,70,"1,337","1,608","7,200","8,937","9,744","12,117","11,744","14,117",Attack: 0.58% ・ Defense: 3.00%,194,9.00%,35.00%,1  ,3  ,2  ,3 Hits,Earth,1  ,"Female,　Servant,　Humanoid,　Divine,　Weak to Enuma Elish,　Riding,　Sky or Earth Servant", 0.58% ,  3.00%
23,Georgios,Saint George,Rider,24,★★,4,65,929,"1,734","5,236","9,200","7,587","13,278","9,587","15,278",Attack: 0.85% ・ Defense: 3.00%,205,8.90%,45.00%,1  ,2  ,2  ,3 Hits,Man,4  ,"Male,　Servant,　Humanoid,　Weak to Enuma Elish,　Riding,　Brynhild's Beloved", 0.85% ,  3.00%
24,Edward Teach,Blackbeard,Rider,25,★★,4,65,"1,097","1,488","6,188","7,907","8,967","11,411","10,967","13,411",Attack: 0.56% ・ Defense: 3.00%,198,8.80%,45.00%,1  ,3  ,2  ,3 Hits,Man,5  ,"Male,　Servant,　Humanoid,　Weak to Enuma Elish", 0.56% ,  3.00%
25,Boudica,Queen Boudica of the Iceni,Rider,26,★★★ R,7,70,"1,168","1,823","6,289","10,130","8,511","13,735","10,511","15,735",Attack: 0.85% ・ Defense: 3.00%,196,8.90%,45.00%,1  ,2  ,2  ,3 Hits,Man,1  ,"Female,　Servant,　Humanoid,　Weak to Enuma Elish,　Riding,　King", 0.85% ,  3.00%
26,Ushiwakamaru,"Minamoto no Yoshitsune,　Shanaou",Rider,27,★★★ R,7,70,"1,314","1,625","7,076","9,028","9,576","12,240","11,576","14,240",Attack: 0.87% ・ Defense: 3.00%,204,9.10%,35.00%,1  ,2  ,2  ,3 Hits,Man,1  ,"Female,　Servant,　Humanoid,　Weak to Enuma Elish,　Riding,　Brynhild's Beloved", 0.87% ,  3.00%
27,Alexander,Alexander the Great,Rider,28,★★★ R,7,70,"1,555","1,366","7,356","8,640","9,955","11,714","11,955","13,714",Attack: 0.86% ・ Defense: 3.00%,205,9.00%,40.00%,1  ,2  ,2  ,3 Hits,Man,1  ,"Male,　Servant,　Humanoid,　Divine,　Weak to Enuma Elish,　Riding,　King,　Men of Greek Mythology", 0.86% ,  3.00%
28,Marie Antoinette,Flower of Versailles,Rider,29,★★★★ SR,12,80,"1,382","1,975","8,293","12,348","10,041","14,972","12,041","16,972",Attack: 1.00% ・ Defense: 3.00%,201,9.00%,35.00%,1  ,1  ,2  ,3 Hits,Man,5  ,"Female,　Servant,　Humanoid,　Weak to Enuma Elish,　Riding", 1.00% ,  3.00%
29,Martha,"Martha of Bethany,　Dragon Rider",Rider,30,★★★★ SR,12,80,"1,335","2,090","8,014","13,068","9,703","15,845","11,703","17,845",Attack: 1.58% ・ Defense: 3.00%,205,9.00%,30.00%,1  ,1  ,2  ,3 Hits,Man,1  ,"Female,　Servant,　Humanoid,　Divine,　Weak to Enuma Elish,　Riding", 1.58% ,  3.00%
30,Medea,Witch of Colchis,Caster,31,★★★ R,7,70,"1,377","1,555","7,418","8,643","10,039","11,719","12,039","13,719",Attack: 1.64% ・ Defense: 3.00%,50,10.90%,34.50%,1  ,1  ,2  ,3 Hits,Earth,1  ,"Female,　Servant,　Humanoid,　Weak to Enuma Elish,　Sky or Earth Servant", 1.64% ,  3.00%
31,Gilles de Rais,Bluebeard,Caster,32,★★★ R,7,70,"1,209","1,711","6,514","9,506","8,816","12,889","10,816","14,889",Attack: 1.58% ・ Defense: 3.00%,48,10.80%,48.00%,1  ,1  ,2  ,3 Hits,Man,3  ,"Male,　Servant,　Humanoid,　Weak to Enuma Elish", 1.58% ,  3.00%
32,Hans Christian Andersen,H.C. Andersen,Caster,33,★★,4,65,"1,021","1,597","5,758","8,484","8,344","12,244","10,344","14,244",Attack: 1.66% ・ Defense: 3.00%,48,10.80%,30.00%,1  ,1  ,2  ,3 Hits,Man,1  ,"Male,　Servant,　Humanoid,　Weak to Enuma Elish", 1.66% ,  3.00%
33,William Shakespeare,Shakespeare,Caster,34,★★,4,65,"1,028","1,520","5,798","8,080","8,402","11,661","10,402","13,661",Attack: 1.59% ・ Defense: 3.00%,50,10.80%,45.00%,1  ,1  ,2  ,3 Hits,Man,4  ,"Male,　Servant,　Humanoid,　Weak to Enuma Elish", 1.59% ,  3.00%
34,Mephistopheles,Mephisto,Caster,35,★★★ R,7,70,"1,270","1,659","6,839","9,216","9,255","12,495","11,255","14,495",Attack: 0.81% ・ Defense: 3.00%,50,11.00%,36.00%,1  ,2  ,2  ,3 Hits,Earth,1  ,"Male,　Servant,　Humanoid,　Weak to Enuma Elish,　Sky or Earth Servant", 0.81% ,  3.00%
35,Wolfgang Amadeus Mozart,Johannes Chrysostomus Wolfgangus,Caster,36,★,3,60,944,"1,425","5,195","7,129","8,072","10,990","10,072","12,990",Attack: 1.60% ・ Defense: 3.00%,49,11.00%,40.50%,1  ,1  ,2  ,3 Hits,Star,1  ,"Male,　Servant,　Humanoid,　Not Weak to Enuma Elish,　Brynhild's Beloved", 1.60% ,  3.00%
36,Zhuge Liang (El-Melloi II),Shokatsu Koumei,Caster,37,★★★★★ SSR,16,90,"1,637","2,091","10,598","14,259","11,601","15,621","13,601","17,621",Attack: 1.64% ・ Defense: 3.00%,50,10.80%,34.50%,1  ,1  ,2  ,3 Hits,Man,1  ,"Male,　Servant,　Humanoid,　Weak to Enuma Elish,　Brynhild's Beloved,　Pseudo-Servant", 1.64% ,  3.00%
37,Cu Chulainn,Hound of Ulster,Caster,38,★★★ R,7,70,"1,222","1,728","6,580","9,604","8,905","13,022","10,905","15,022",Attack: 1.60% ・ Defense: 3.00%,49,10.90%,42.00%,1  ,1  ,2  ,3 Hits,Sky,1  ,"Male,　Servant,　Humanoid,　Divine,　Weak to Enuma Elish,　Brynhild's Beloved,　Sky or Earth Servant", 1.60% ,  3.00%
38,Sasaki Kojirou,Legend of the Samurai,Assassin,39,★,3,60,"1,042","1,244","5,735","6,220","8,912","9,588","10,912","11,588",Attack: 1.05% ・ Defense: 4.00%,102,25.30%,55.00%,1  ,2  ,2  ,4 Hits,Man,3  ,"Male,　Servant,　Humanoid,　Weak to Enuma Elish", 1.05% ,  4.00%
39,Hassan of the Cursed Arm,Hassan-i Sabbah,Assassin,40,★★,4,65,"1,114","1,429","6,280","7,594","9,100","10,960","11,100","12,960",Attack: 1.07% ・ Defense: 4.00%,97,25.20%,44.00%,1  ,2  ,3  ,3 Hits,Man,1  ,"Male,　Servant,　Humanoid,　Weak to Enuma Elish", 1.07% ,  4.00%
40,Stheno,First Gorgon Sister,Assassin,41,★★★★ SR,12,80,"1,497","1,843","8,985","11,518","10,879","13,965","12,879","15,965",Attack: 2.26% ・ Defense: 4.00%,104,25.00%,27.50%,1  ,1  ,2  ,3 Hits,Sky,1  ,"Female,　Servant,　Humanoid,　Divine,　Weak to Enuma Elish,　Sky or Earth Servant", 2.26% ,  4.00%
41,Jing Ke,Keika,Assassin,42,★★★ R,7,70,"1,492","1,338","7,207","8,293","9,754","11,244","11,754","13,244",Attack: 1.05% ・ Defense: 4.00%,98,25.20%,55.00%,1  ,2  ,2  ,3 Hits,Man,1  ,"Female,　Servant,　Humanoid,　Weak to Enuma Elish", 1.05% ,  4.00%
42,Charles-Henri Sanson,The Executioner,Assassin,43,★★,4,65,968,"1,564","5,456","8,306","7,906","11,991","9,906","13,991",Attack: 1.06% ・ Defense: 4.00%,102,24.80%,49.50%,1  ,2  ,2  ,3 Hits,Man,1  ,"Male,　Servant,　Humanoid,　Weak to Enuma Elish", 1.06% ,  4.00%
43,Phantom of the Opera,Le Fantome de l'Opera,Assassin,44,★★,4,65,"1,003","1,580","5,654","8,393","8,193","12,112","10,193","14,112",Attack: 0.71% ・ Defense: 4.00%,98,25.20%,49.50%,2  ,3  ,2  ,3 Hits,Earth,1  ,"Male,　Servant,　Humanoid,　Weak to Enuma Elish,　Sky or Earth Servant", 0.71% ,  4.00%
44,Mata Hari,Margaretha Geertruida Zelle,Assassin,45,★,3,60,977,"1,313","5,377","6,565","8,355","10,120","10,355","12,120",Attack: 2.10% ・ Defense: 4.00%,98,24.60%,55.00%,1  ,1  ,2  ,3 Hits,Man,1  ,"Female,　Servant,　Humanoid,　Weak to Enuma Elish", 2.10% ,  4.00%
45,Carmilla,Elisabeth Bathory,Assassin,46,★★★★ SR,12,80,"1,568","1,675","9,408","10,473","11,391","12,698","13,391","14,698",Attack: 2.15% ・ Defense: 4.00%,98,25.20%,44.00%,1  ,1  ,2  ,3 Hits,Earth,1  ,"Female,　Servant,　Humanoid,　Weak to Enuma Elish,　Sky or Earth Servant", 2.15% ,  4.00%
46,Heracles,"Hercules,　Alcides",Berserker,47,★★★★ SR,12,80,"1,775","1,652","10,655","10,327","12,901","12,521","14,901","14,521",Attack: 1.07% ・ Defense: 5.00%,10,5.00%,39.00%,1  ,2  ,2  ,3 Hits,Sky,15  ,"Male,　Servant,　Humanoid,　Divine,　Weak to Enuma Elish,　Sky or Earth Servant,　Men of Greek Mythology", 1.07% ,  5.00%
47,Lancelot,Knight of the Lake,Berserker,48,★★★★ SR,12,80,"1,746","1,652","10,477","10,327","12,685","12,521","14,685","14,521",Attack: 0.50% ・ Defense: 5.00%,10,5.00%,52.00%,1  ,2  ,2  ,3 Hits,Earth,10  ,"Male,　Servant,　Humanoid,　Weak to Enuma Elish,　Sky or Earth Servant", 0.50% ,  5.00%
48,Lu Bu Fengxian,Ryofu Housen,Berserker,49,★★★ R,7,70,"1,507","1,494","8,119","8,302","10,988","11,256","12,988","13,256",Attack: 1.04% ・ Defense: 5.00%,9,5.00%,50.30%,1  ,2  ,2  ,3 Hits,Man,1  ,"Male,　Servant,　Humanoid,　Weak to Enuma Elish", 1.04% ,  5.00%
49,Spartacus,Thracian Gladiator,Berserker,50,★,3,60,922,"1,544","5,073","7,722","7,883","11,904","9,883","13,904",Attack: 1.01% ・ Defense: 5.00%,9,4.90%,65.00%,1  ,2  ,2  ,3 Hits,Man,1  ,"Male,　Servant,　Humanoid,　Weak to Enuma Elish,　Roman", 1.01% ,  5.00%
50,Sakata Kintoki,"Kintarou,　Golden Boy",Berserker,51,★★★★★ SSR,16,90,"1,964","1,782","12,712","12,150","13,915","13,311","15,915","15,311",Attack: 1.03% ・ Defense: 5.00%,9,5.00%,52.00%,1  ,2  ,2  ,3 Hits,Man,1  ,"Male,　Servant,　Humanoid,　Divine,　Weak to Enuma Elish,　Brynhild's Beloved", 1.03% ,  5.00%
51,Vlad III,"Count Dracula,　Lord Impaler",Berserker,52,★★★★★ SSR,16,90,"1,777","2,019","11,499","13,770","12,587","15,086","14,587","17,086",Attack: 0.50% ・ Defense: 5.00%,9,4.90%,45.50%,1  ,2  ,2  ,3 Hits,Earth,10  ,"Male,　Servant,　Humanoid,　Weak to Enuma Elish,　Brynhild's Beloved,　Sky or Earth Servant,　King", 0.50% ,  5.00%
52,Asterios,Minotaur,Berserker,53,★,3,60,"1,097","1,320","6,037","6,604","9,381","10,181","11,381","12,181",Attack: 0.68% ・ Defense: 5.00%,9,4.90%,58.50%,1  ,3  ,2  ,3 Hits,Earth,1  ,"Male,　Servant,　Humanoid,　Weak to Enuma Elish,　Sky or Earth Servant,　Men of Greek Mythology", 0.68% ,  5.00%
53,Caligula,Gaius Julius Caesar Augustus Germanicus,Berserker,54,★★,4,65,"1,211","1,374","6,831","7,303","9,899","10,540","11,899","12,540",Attack: 0.68% ・ Defense: 5.00%,9,5.00%,56.80%,1  ,3  ,2  ,3 Hits,Man,1  ,"Male,　Servant,　Humanoid,　Weak to Enuma Elish,　Roman,　King", 0.68% ,  5.00%
54,Darius III,Artashata,Berserker,55,★★★ R,7,70,"1,412","1,577","7,608","8,763","10,297","11,881","12,297","13,881",Attack: 0.67% ・ Defense: 5.00%,9,5.00%,65.00%,1  ,3  ,2  ,3 Hits,Man,10  ,"Male,　Servant,　Humanoid,　Weak to Enuma Elish,　King", 0.67% ,  5.00%
55,Kiyohime,Princess Kiyo,Berserker,56,★★★ R,7,70,"1,233","1,649","6,644","9,166","8,992","12,428","10,992","14,428",Attack: 2.03% ・ Defense: 5.00%,9,4.90%,65.00%,1  ,1  ,2  ,3 Hits,Earth,3  ,"Female,　Servant,　Humanoid,　Dragon,　Weak to Enuma Elish,　Sky or Earth Servant", 2.03% ,  5.00%
56,Eric Bloodaxe,Eric Haraldsson,Berserker,57,★★,4,65,"1,166","1,444","6,290","7,688","9,115","11,095","11,115","13,095",Attack: 1.02% ・ Defense: 5.00%,9,4.90%,58.50%,1  ,2  ,2  ,3 Hits,Man,5  ,"Male,　Servant,　Humanoid,　Weak to Enuma Elish,　King", 1.02% ,  5.00%
57,Tamamo Cat,Beast of the Tamamo Nine,Berserker,58,★★★★ SR,12,80,"1,504","1,833","9,026","11,458","10,929","13,893","12,929","15,893",Attack: 0.71% ・ Defense: 5.00%,10,5.00%,39.00%,2  ,3  ,2  ,3 Hits,Earth,5  ,"Female,　Servant,　Humanoid,　Wild Beast,　Weak to Enuma Elish,　Sky or Earth Servant", 0.71% ,  5.00%
58,Jeanne d'Arc,"Joan of Arc,　La Pucelle d'Orleans",Ruler,59,★★★★★ SSR,16,90,"1,482","2,420","9,593","16,500","10,501","18,076","12,501","20,076",Attack: 0.76% ・ Defense: 3.00%,99,10.10%,21.00%,1  ,2  ,2  ,3 Hits,Star,1  ,"Female,　Servant,　Humanoid,　Weak to Enuma Elish,　Altria Face", 0.76% ,  3.00%
59,Orion,"Artemis (Goddess),　Orion (Bear)",Archer,60,★★★★★ SSR,16,90,"1,716","2,134","11,107","14,553","12,158","15,943","14,158","17,943",Attack: 1.00% ・ Defense: 3.00%,153,8.00%,27.00%,1  ,1  ,3  ,4 Hits,Sky,5  ,"Male,　Servant,　Humanoid,　Weak to Enuma Elish,　Sky or Earth Servant,　Men of Greek Mythology", 1.00% ,  3.00%
60,Elisabeth Bathory (Halloween),Pumpkin Eli-chan,Caster,61,★★★★ SR,12,80,"1,436","1,824","8,616","11,404","10,432","13,827","12,432","15,827",Attack: 1.60% ・ Defense: 3.00%,49,4.00%,42.00%,1  ,1  ,2  ,4 Hits,Man,5  ,"Female,　Servant,　Humanoid,　Dragon,　Weak to Enuma Elish", 1.60% ,  3.00%
61,Tamamo-no-Mae,Nine-Tailed Fox,Caster,62,★★★★★ SSR,16,90,"1,629","2,091","10,546","14,259","11,544","15,621","13,544","17,621",Attack: 0.32% ・ Defense: 3.00%,49,11.00%,36.00%,1  ,5  ,3  ,4 Hits,Sky,1  ,"Female,　Servant,　Humanoid,　Divine,　Weak to Enuma Elish,　Sky or Earth Servant", 0.32% ,  3.00%
62,David,King David,Archer,63,★★★ R,7,70,"1,436","1,555","7,736","8,643","10,470","11,719","12,470","13,719",Attack: 0.76% ・ Defense: 3.00%,153,8.00%,36.00%,1  ,2  ,2  ,3 Hits,Sky,1  ,"Male,　Servant,　Humanoid,　Weak to Enuma Elish,　Sky or Earth Servant,　King", 0.76% ,  3.00%
63,Hektor,Hector of Troy,Lancer,64,★★★ R,7,70,"1,286","1,836","6,928","10,200","9,376","13,829","11,376","15,829",Attack: 1.08% ・ Defense: 4.00%,90,12.20%,28.00%,1  ,2  ,2  ,3 Hits,Man,1  ,"Male,　Servant,　Humanoid,　Weak to Enuma Elish,　Riding,　Men of Greek Mythology", 1.08% ,  4.00%
64,Francis Drake,El Draque,Rider,65,★★★★★ SSR,16,90,"1,750","1,881","11,326","12,830","12,398","14,056","14,398","16,056",Attack: 0.42% ・ Defense: 3.00%,208,9.00%,50.00%,2  ,4  ,6  ,4 Hits,Star,5  ,"Female,　Servant,　Humanoid,　Not Weak to Enuma Elish,　Riding", 0.42% ,  3.00%
65,Anne Bonny & Mary Read,Anne McCormac & Mark Read,Rider,66,★★★★ SR,12,80,"1,504","1,805","9,029","11,286","10,932","13,684","12,932","15,684",Attack: 0.84% ・ Defense: 3.00%,200,9.10%,50.00%,1  ,2  ,2  ,3 Hits,Man,6  ,"Female,　Servant,　Humanoid,　Weak to Enuma Elish", 0.84% ,  3.00%
66,Medea (Lily),Princess of Colchis,Caster,67,★★★★ SR,12,80,"1,294","2,091","7,766","13,070","9,403","15,847","11,403","17,847",Attack: 0.40% ・ Defense: 3.00%,51,10.70%,36.00%,3  ,4  ,4  ,5 Hits,Earth,1  ,"Female,　Servant,　Humanoid,　Weak to Enuma Elish,　Sky or Earth Servant", 0.40% ,  3.00%
67,Okita Souji,Sakura Saber,Saber,68,★★★★★ SSR,16,90,"1,865","1,939","12,068","13,225","13,210","14,489","15,210","16,489",Attack: 1.09% ・ Defense: 3.00%,98,10.20%,35.00%,1  ,2  ,5  ,3 Hits,Man,3  ,"Female,　Servant,　Humanoid,　Weak to Enuma Elish,　Riding,　Altria Face", 1.09% ,  3.00%
68,Oda Nobunaga,Demon King of the Sixth Heaven,Archer,69,★★★★ SR,12,80,"1,582","1,862","9,494","11,637","11,495","14,110","13,495","16,110",Attack: 0.43% ・ Defense: 3.00%,150,7.90%,31.50%,4  ,4  ,2  ,5 Hits,Man,10  ,"Female,　Servant,　Humanoid,　Weak to Enuma Elish,　King", 0.43% ,  3.00%
69,Scathach,Queen of the Shadow Realm,Lancer,70,★★★★★ SSR,16,90,"1,758","2,174","11,375","14,825","12,452","16,241","14,452","18,241",Attack: 0.71% ・ Defense: 4.00%,88,12.20%,32.00%,6  ,3  ,2  ,7 Hits,Star,1  ,"Female,　Servant,　Humanoid,　Weak to Enuma Elish,　King", 0.71% ,  4.00%
70,Diarmuid Ua Duibhne,Diarmuid O'Dyna,Lancer,71,★★★ R,7,70,"1,277","1,817","6,877","10,098","9,307","13,691","11,307","15,691",Attack: 0.79% ・ Defense: 4.00%,87,12.30%,36.00%,2  ,2  ,2  ,4 Hits,Earth,2  ,"Male,　Servant,　Humanoid,　Weak to Enuma Elish,　Brynhild's Beloved,　Sky or Earth Servant", 0.79% ,  4.00%
71,Fergus mac Roich,Fearghus Mac Roig,Saber,72,★★★ R,7,70,"1,385","1,761","7,460","9,786","10,096","13,268","12,096","15,268",Attack: 1.09% ・ Defense: 3.00%,99,10.00%,35.00%,1  ,2  ,2  ,3 Hits,Earth,5  ,"Male,　Servant,　Humanoid,　Weak to Enuma Elish,　Riding,　Brynhild's Beloved,　Sky or Earth Servant,　King", 1.09% ,  3.00%
72,Altria Pendragon (Santa Alter),Evil Santa,Rider,73,★★★★ SR,12,80,"1,543","1,805","9,258","11,286","11,209","13,684","13,209","15,684",Attack: 0.87% ・ Defense: 3.00%,204,8.90%,35.00%,1  ,2  ,2  ,3 Hits,Man,3  ,"Female,　Servant,　Humanoid,　Dragon,　Weak to Enuma Elish,　Riding,　Altria Face,　Arthur,　King", 0.87% ,  3.00%
73,Nursery Rhyme,Alice in Wonderland (Book),Caster,74,★★★★ SR,12,80,"1,438","1,901","8,629","11,882","10,448","14,407","12,448","16,407",Attack: 0.54% ・ Defense: 3.00%,50,10.80%,36.00%,1  ,3  ,3  ,3 Hits,Man,3  ,"Female,　Servant,　Humanoid,　Weak to Enuma Elish", 0.54% ,  3.00%
74,Jack the Ripper,Legendary Serial Killer,Assassin,75,★★★★★ SSR,16,90,"1,786","1,862","11,557","12,696","12,651","13,909","14,651","15,909",Attack: 1.07% ・ Defense: 4.00%,97,25.50%,44.00%,2  ,2  ,5  ,4 Hits,Earth,4  ,"Female,　Servant,　Humanoid,　Weak to Enuma Elish,　Sky or Earth Servant", 1.07% ,  4.00%
75,Mordred,Knight of Rebellion,Saber,76,★★★★★ SSR,16,90,"1,811","2,153","11,723","14,680","12,833","16,083","14,833","18,083",Attack: 0.56% ・ Defense: 3.00%,98,10.00%,24.50%,1  ,3  ,2  ,4 Hits,Earth,5  ,"Female,　Servant,　Humanoid,　Dragon,　Weak to Enuma Elish,　Riding,　Altria Face,　Sky or Earth Servant", 0.56% ,  3.00%
76,Nikola Tesla,Master of Lightning,Archer,77,★★★★★ SSR,16,90,"1,820","2,027","11,781","13,825","12,896","15,146","14,896","17,146",Attack: 0.87% ・ Defense: 3.00%,147,7.90%,31.50%,1  ,2  ,3  ,3 Hits,Star,3  ,"Male,　Servant,　Humanoid,　Not Weak to Enuma Elish,　Brynhild's Beloved", 0.87% ,  3.00%
77,Altria Pendragon (Alter),"King Arthur,　King of Knights",Lancer,78,★★★★ SR,12,80,"1,661","1,881","9,968","11,761","12,069","14,260","14,069","16,260",Attack: 0.74% ・ Defense: 4.00%,88,11.80%,23.00%,1  ,3  ,2  ,4 Hits,Sky,4  ,"Female,　Servant,　Humanoid,　Dragon,　Weak to Enuma Elish,　Riding,　Altria Face,　Arthur,　Sky or Earth Servant,　King", 0.74% ,  4.00%
78,Paracelsus von Hohenheim,Philippus Aureolus,Caster,79,★★★ R,7,70,"1,246","1,711","6,711","9,506","9,082","12,889","11,082","14,889",Attack: 0.55% ・ Defense: 3.00%,50,10.80%,36.00%,1  ,2  ,2  ,3 Hits,Man,3  ,"Male,　Servant,　Humanoid,　Weak to Enuma Elish,　Brynhild's Beloved", 0.55% ,  3.00%
79,Charles Babbage,Father of the Computer,Caster,80,★★★ R,7,70,"1,113","1,959","5,996","10,887","8,115","14,761","10,115","16,761",Attack: 0.91% ・ Defense: 3.00%,48,10.80%,36.00%,1  ,2  ,2  ,3 Hits,Man,4  ,"Male,　Servant,　Humanoid,　Weak to Enuma Elish", 0.91% ,  3.00%
80,Henry Jekyll & Hyde,Dr. Jekyll,Assassin,81,★★★ R,7,70,"1,173","1,741","6,320","9,675","8,553","13,118","10,553","15,118",Attack: 1.05% ・ Defense: 4.00%,99,25.60%,55.00%,1  ,2  ,2  ,3 Hits,Earth,0  ,"Male,　Servant,　Humanoid,　Weak to Enuma Elish,　Brynhild's Beloved,　Sky or Earth Servant", 1.05% ,  4.00%
81,Frankenstein,Frankenstein's Monster,Berserker,82,★★★★ SR,12,80,"1,573","1,710","9,441","10,687","11,431","12,958","13,431","14,958",Attack: 0.83% ・ Defense: 5.00%,10,4.90%,58.50%,1  ,2  ,2  ,3 Hits,Earth,6  ,"Female,　Servant,　Humanoid,　Weak to Enuma Elish,　Sky or Earth Servant", 0.83% ,  5.00%
82,Solomon,King of Magecraft,Grand Caster,83,★★★★★ SSR,16,90,"1,645","2,091","10,650","14,259","11,658","15,621","13,658","17,621",Attack: 1.64% ・ Defense: 3.00%,51,11.00%,33.00%,1  ,1  ,2  ,3 Hits,Sky,0  ,"Male,　Servant,　Humanoid,　Weak to Enuma Elish,　Sky or Earth Servant", 1.64% ,  3.00%
83,Arjuna,Arjuna,Archer,84,★★★★★ SSR,16,90,"1,907","1,940","12,342","13,230","13,510","14,494","15,510","16,494",Attack: 0.51% ・ Defense: 3.00%,154,8.00%,31.50%,3  ,3  ,2  ,5 Hits,Sky,1  ,"Male,　Servant,　Humanoid,　Divine,　Weak to Enuma Elish,　Sky or Earth Servant", 0.51% ,  3.00%
84,Karna,Vasusena,Lancer,85,★★★★★ SSR,16,90,"1,850","1,999","11,976","13,632","13,110","14,934","15,110","16,934",Attack: 0.72% ・ Defense: 4.00%,88,12.20%,28.00%,1  ,3  ,3  ,4 Hits,Sky,5  ,"Male,　Servant,　Humanoid,　Divine,　Weak to Enuma Elish,　Riding,　Brynhild's Beloved,　Sky or Earth Servant", 0.72% ,  4.00%
85,Mysterious Heroine X,???,Assassin,86,★★★★★ SSR,16,90,"1,817","1,862","11,761","12,696","12,874","13,909","14,874","15,909",Attack: 0.81% ・ Defense: 4.00%,98,25.60%,38.50%,1  ,2  ,4  ,4 Hits,Star,12  ,"Female,　Servant,　Humanoid,　Dragon,　Not Weak to Enuma Elish,　Riding,　Altria Face,　Arthur,　King", 0.81% ,  4.00%
86,Fionn mac Cumhaill,Finn Mac Cool,Lancer,87,★★★★ SR,12,80,"1,488","2,040","8,930","12,750","10,812","15,459","12,812","17,459",Attack: 0.55% ・ Defense: 4.00%,89,12.30%,32.00%,1  ,2  ,2  ,4 Hits,Sky,3  ,"Male,　Servant,　Humanoid,　Divine,　Weak to Enuma Elish,　Sky or Earth Servant", 0.55% ,  4.00%
87,Brynhild,Odin's Automata,Lancer,88,★★★★★ SSR,16,90,"1,766","2,174","11,432","14,825","12,514","16,241","14,514","18,241",Attack: 1.07% ・ Defense: 4.00%,87,12.20%,32.00%,1  ,2  ,3  ,5 Hits,Sky,5  ,"Female,　Servant,　Humanoid,　Divine,　Weak to Enuma Elish,　Riding,　Sky or Earth Servant", 1.07% ,  4.00%
88,Beowulf,The Berserker,Berserker,89,★★★★ SR,12,80,"1,707","1,652","10,247","10,327","12,407","12,521","14,407","14,521",Attack: 0.68% ・ Defense: 5.00%,10,4.90%,58.50%,1  ,3  ,3  ,4 Hits,Earth,12  ,"Male,　Servant,　Humanoid,　Weak to Enuma Elish,　Brynhild's Beloved,　Sky or Earth Servant,　King", 0.68% ,  5.00%
89,Nero Claudius (Bride),Nero Bride,Saber,90,★★★★★ SSR,16,90,"1,793","2,089","11,607","14,248","12,706","15,609","14,706","17,609",Attack: 0.70% ・ Defense: 3.00%,102,10.10%,35.00%,1  ,3  ,3  ,5 Hits,Man,2  ,"Female,　Servant,　Humanoid,　Weak to Enuma Elish,　Riding,　Roman,　Altria Face,　King", 0.70% ,  3.00%
90,Ryougi Shiki,｢ ｣,Saber,91,★★★★★ SSR,16,90,"1,656","2,266","10,721","15,453","11,736","16,929","13,736","18,929",Attack: 0.84% ・ Defense: 3.00%,102,9.90%,24.50%,1  ,2  ,4  ,4 Hits,Man,1  ,"Female,　Servant,　Humanoid,　Not Weak to Enuma Elish,　Pseudo-Servant", 0.84% ,  3.00%
91,Ryougi Shiki,Shiki,Assassin,92,★★★★ SR,12,80,"1,477","1,768","8,867","11,055","10,736","13,404","12,736","15,404",Attack: 0.80% ・ Defense: 4.00%,102,25.60%,44.00%,1  ,2  ,4  ,5 Hits,Man,3  ,"Female,　Servant,　Humanoid,　Not Weak to Enuma Elish,　Pseudo-Servant", 0.80% ,  4.00%
92,Amakusa Shirou,Kotomine Shirou,Ruler,93,★★★★★ SSR,16,90,"1,695","2,069","10,972","14,107","12,011","15,455","14,011","17,455",Attack: 0.86% ・ Defense: 3.00%,100,10.00%,21.00%,1  ,2  ,3  ,4 Hits,Man,1  ,"Male,　Servant,　Humanoid,　Weak to Enuma Elish", 0.86% ,  3.00%
93,Astolfo,Twelfth Paladin of Charlemagne,Rider,94,★★★★ SR,12,80,"1,489","1,787","8,937","11,172","10,821","13,546","12,821","15,546",Attack: 0.66% ・ Defense: 1.00%,205,9.00%,40.00%,1  ,2  ,2  ,4 Hits,Earth,1  ,"Servant,　Humanoid,　Weak to Enuma Elish,　Riding,　Sky or Earth Servant", 0.66% ,  1.00%
94,Gilgamesh (Child),Ko-Gil,Archer,95,★★★ R,7,70,"1,429","1,571","7,696","8,731","10,415","11,838","12,415","13,838",Attack: 0.62% ・ Defense: 3.00%,153,7.90%,36.00%,3  ,3  ,3  ,3 Hits,Sky,10  ,"Male,　Servant,　Humanoid,　Divine,　Weak to Enuma Elish,　Sky or Earth Servant,　King", 0.62% ,  3.00%
95,Edmond Dantes,"Count of Monte Cristo,　King of the Cavern",Avenger,96,★★★★★ SSR,16,90,"1,953","1,785","12,641","12,177","13,838","13,340","15,838","15,340",Attack: 0.62% ・ Defense: 5.00%,30,5.90%,7.00%,3  ,2  ,4  ,5 Hits,Man,8  ,"Male,　Servant,　Humanoid,　Weak to Enuma Elish", 0.62% ,  5.00%
96,Nightingale,Founder of Modern Nursing,Berserker,97,★★★★★ SSR,16,90,"1,573","2,232","10,184","15,221","11,148","16,675","13,148","18,675",Attack: 0.77% ・ Defense: 5.00%,10,5.00%,56.80%,1  ,2  ,6  ,5 Hits,Man,1  ,"Female,　Servant,　Humanoid,　Weak to Enuma Elish", 0.77% ,  5.00%
97,Cu Chulainn (Alter),Hound of Ulster,Berserker,98,★★★★★ SSR,16,90,"1,979","1,790","12,805","12,210","14,017","13,377","16,017","15,377",Attack: 0.69% ・ Defense: 5.00%,9,5.10%,52.00%,3  ,3  ,4  ,5 Hits,Earth,12  ,"Male,　Servant,　Humanoid,　Weak to Enuma Elish,　Brynhild's Beloved,　Sky or Earth Servant", 0.69% ,  5.00%
98,Queen Medb,Queen of Connacht,Rider,99,★★★★★ SSR,16,90,"1,591","2,048","10,296","13,968","11,270","15,303","13,270","17,303",Attack: 0.86% ・ Defense: 3.00%,208,9.00%,40.00%,1  ,2  ,3  ,7 Hits,Earth,5  ,"Female,　Servant,　Humanoid,　Weak to Enuma Elish,　Riding,　Sky or Earth Servant,　King", 0.86% ,  3.00%
99,Helena Blavatsky,Helena Petrovna Blavatsky,Caster,100,★★★★ SR,12,80,"1,438","1,901","8,629","11,882","10,448","14,407","12,448","16,407",Attack: 0.45% ・ Defense: 3.00%,51,10.70%,36.00%,1  ,3  ,6  ,3 Hits,Man,3  ,"Female,　Servant,　Humanoid,　Weak to Enuma Elish", 0.45% ,  3.00%
100,Rama,Seventh Avatar of the Vishnu,Saber,101,★★★★ SR,12,80,"1,642","1,919","9,854","11,993","11,931","14,541","13,931","16,541",Attack: 0.84% ・ Defense: 3.00%,100,10.20%,24.50%,1  ,2  ,2  ,4 Hits,Sky,5  ,"Male,　Servant,　Humanoid,　Divine,　Weak to Enuma Elish,　Riding,　Brynhild's Beloved,　Sky or Earth Servant,　King", 0.84% ,  3.00%
101,Li Shuwen,God Spear Li,Lancer,102,★★★★ SR,12,80,"1,608","1,817","9,653","11,360","11,688","13,774","13,688","15,774",Attack: 0.52% ・ Defense: 4.00%,87,12.20%,40.00%,1  ,3  ,3  ,5 Hits,Man,3  ,"Male,　Servant,　Humanoid,　Weak to Enuma Elish", 0.52% ,  4.00%
102,Thomas Edison,"King of Inventors,　King of Presidents",Caster,103,★★★★ SR,12,80,"1,325","1,901","7,952","11,882","9,628","14,407","11,628","16,407",Attack: 0.51% ・ Defense: 3.00%,51,10.60%,60.00%,3  ,3  ,3  ,5 Hits,Man,1  ,"Male,　Servant,　Humanoid,　Weak to Enuma Elish", 0.51% ,  3.00%
103,Geronimo,Apache Tribe Leader,Caster,104,★★★ R,7,70,"1,273","1,642","6,857","9,123","9,280","12,369","11,280","14,369",Attack: 0.90% ・ Defense: 3.00%,49,11.00%,40.50%,1  ,2  ,2  ,4 Hits,Man,1  ,"Male,　Servant,　Humanoid,　Weak to Enuma Elish,　Brynhild's Beloved", 0.90% ,  3.00%
104,Billy the Kid,"Henry McCarty,　William H. Bonney",Archer,105,★★★ R,7,70,"1,279","1,711","6,890","9,506","9,325","12,889","11,325","14,889",Attack: 0.56% ・ Defense: 3.00%,150,8.00%,45.00%,4  ,3  ,2  ,4 Hits,Man,3  ,"Male,　Servant,　Humanoid,　Weak to Enuma Elish,　Riding", 0.56% ,  3.00%
105,Jeanne d'Arc (Alter),"Joan of Arc,　Dragon Witch",Avenger,106,★★★★★ SSR,16,90,"2,046","1,724","13,244","11,761","14,498","12,885","16,498","14,885",Attack: 0.83% ・ Defense: 5.00%,29,6.00%,5.70%,4  ,2  ,3  ,7 Hits,Man,10  ,"Female,　Servant,　Humanoid,　Weak to Enuma Elish,　Altria Face", 0.83% ,  5.00%
106,Aŋra Mainiiu,"Angra Mainyu,　All World's Evil",Avenger,107,---,4,65,"1,008","1,502","5,683","7,981","8,235","11,518","10,235","13,518",Attack: 0.79% ・ Defense: 5.00%,29,6.00%,9.00%,1  ,2  ,3  ,4 Hits,Man,0  ,"Male,　Servant,　Humanoid,　Weak to Enuma Elish", 0.79% ,  5.00%
107,Iskandar,Alexander the Great,Rider,108,★★★★★ SSR,16,90,"1,786","1,938","11,560","13,219","12,654","14,482","14,654","16,482",Attack: 0.66% → 0.86% ・ Defense: 3.00%,205,8.80%,40.00%,1  ,2  ,3  ,6 Hits,Man,8  ,"Male,　Servant,　Humanoid,　Divine,　Weak to Enuma Elish,　Riding,　Brynhild's Beloved,　King,　Men of Greek Mythology", 0.66% → 0.86% ,  3.00%
108,Emiya (Assassin),Emiya Kiritsugu,Assassin,109,★★★★ SR,12,80,"1,493","1,786","8,958","11,168","10,846","13,541","12,846","15,541",Attack: 0.46% ・ Defense: 4.00%,97,25.60%,44.00%,6  ,2  ,4  ,8 Hits,Man,15  ,"Male,　Servant,　Humanoid,　Weak to Enuma Elish,　Brynhild's Beloved", 0.46% ,  4.00%
109,Hassan of the Hundred Persona,"Asako,　Zayd,　Makul,　Gozul",Assassin,110,★★★ R,7,70,"1,241","1,675","6,686","9,310","9,049","12,623","11,049","14,623",Attack: 0.38% ・ Defense: 4.00%,97,25.50%,44.00%,1  ,3  ,3  ,6 Hits,Man,13  ,"Female,　Servant,　Humanoid,　Weak to Enuma Elish", 0.38% ,  4.00%
110,Irisviel (Holy Grail),Irisviel von Einzbern,Caster,111,★★★★ SR,12,80,"1,372","1,996","8,237","12,476","9,973","15,127","11,973","17,127",Attack: 0.42% ・ Defense: 3.00%,50,10.80%,34.50%,3  ,3  ,3  ,4 Hits,Sky,1  ,"Female,　Servant,　Humanoid,　Divine,　Weak to Enuma Elish,　Sky or Earth Servant", 0.42% ,  3.00%
111,Shuten-Douji,"Liquor Child,　Ibuki Douji",Assassin,112,★★★★★ SSR,16,90,"1,853","1,881","11,993","12,825","13,128","14,050","15,128","16,050",Attack: 0.55% ・ Defense: 4.00%,98,25.00%,31.60%,1  ,3  ,4  ,6 Hits,Earth,1  ,"Female,　Servant,　Humanoid,　Dragon,　Divine,　Weak to Enuma Elish,　Demonic,　Sky or Earth Servant,　Demon Beast,　Oni", 0.55% ,  4.00%
112,Xuanzang Sanzang,Genjou Sanzou,Caster,113,★★★★★ SSR,16,90,"1,801","1,901","11,658","12,965","12,761","14,204","14,761","16,204",Attack: 0.82% ・ Defense: 3.00%,52,11.00%,34.50%,1  ,2  ,3  ,6 Hits,Man,12  ,"Female,　Servant,　Humanoid,　Divine,　Weak to Enuma Elish", 0.82% ,  3.00%
113,Minamoto-no-Raikou,"Yorimitsu,　Ushi Gozen",Berserker,114,★★★★★ SSR,16,90,"1,786","1,980","11,556","13,500","12,650","14,790","14,650","16,790",Attack: 0.46% ・ Defense: 5.00%,9,4.90%,39.00%,1  ,4  ,3  ,5 Hits,Sky,7  ,"Female,　Servant,　Humanoid,　Divine,　Weak to Enuma Elish,　Riding,　Sky or Earth Servant", 0.46% ,  5.00%
114,Sakata Kintoki,"Kintarou,　Golden Rider",Rider,115,★★★★ SR,12,80,"1,636","1,728","9,819","10,800","11,889","13,095","13,889","15,095",Attack: 1.15% ・ Defense: 3.00%,198,9.00%,40.00%,1  ,2  ,4  ,5 Hits,Man,4  ,"Male,　Servant,　Humanoid,　Divine,　Weak to Enuma Elish,　Brynhild's Beloved,　Sky or Earth Servant", 1.15% ,  3.00%
115,Ibaraki-Douji,Mt. Ooe Demon Gang Leader,Berserker,116,★★★★ SR,12,80,"1,606","1,752","9,636","10,954","11,667","13,282","13,667","15,282",Attack: 1.03% ・ Defense: 5.00%,10,4.90%,52.00%,1  ,2  ,4  ,5 Hits,Earth,1  ,"Female,　Servant,　Humanoid,　Weak to Enuma Elish,　Demonic,　Sky or Earth Servant,　Demon Beast,　Oni", 1.03% ,  5.00%
116,Fuuma “Evil-wind” Kotarou,Kazama,Assassin,117,★★★ R,7,70,"1,316","1,592","7,091","8,844","9,597","11,991","11,597","13,991",Attack: 0.54% ・ Defense: 4.00%,100,25.60%,38.50%,1  ,4  ,4  ,4 Hits,Man,5  ,"Male,　Servant,　Humanoid,　Weak to Enuma Elish", 0.54% ,  4.00%
117,Ozymandias,Ramesses II,Rider,118,★★★★★ SSR,16,90,"1,850","1,881","11,971","12,830","13,104","14,056","15,104","16,056",Attack: 0.59% ・ Defense: 3.00%,205,9.00%,30.00%,1  ,3  ,5  ,5 Hits,Sky,5  ,"Male,　Servant,　Humanoid,　Divine,　Weak to Enuma Elish,　Riding,　Brynhild's Beloved,　Sky or Earth Servant,　King", 0.59% ,  3.00%
118,Altria Pendragon,"King Arthur,　King of Knights",Lancer,119,★★★★★ SSR,16,90,"1,699","2,288","10,995","15,606","12,036","17,097","14,036","19,097",Attack: 1.10% ・ Defense: 4.00%,89,12.20%,24.00%,1  ,2  ,3  ,5 Hits,Sky,2  ,"Female,　Servant,　Humanoid,　Dragon,　Weak to Enuma Elish,　Riding,　Altria Face,　Arthur,　Sky or Earth Servant,　King", 1.10% ,  4.00%
119,Nitocris,The Soul of Re is Divine,Caster,120,★★★★ SR,12,80,"1,510","1,806","9,060","11,288","10,970","13,686","12,970","15,686",Attack: 0.54% ・ Defense: 3.00%,50,10.80%,36.00%,3  ,3  ,4  ,5 Hits,Earth,3  ,"Female,　Servant,　Humanoid,　Divine,　Weak to Enuma Elish,　Sky or Earth Servant,　King", 0.54% ,  3.00%
120,Lancelot,Knight of the Lake,Saber,121,★★★★ SR,12,80,"1,658","1,854","9,949","11,589","12,046","14,051","14,046","16,051",Attack: 0.83% ・ Defense: 3.00%,100,10.00%,28.00%,4  ,2  ,3  ,5 Hits,Earth,1  ,"Male,　Servant,　Humanoid,　Weak to Enuma Elish,　Riding,　Brynhild's Beloved,　Sky or Earth Servant", 0.83% ,  3.00%
121,Tristan,"Drustanus,　Trystan,　Tristram",Archer,122,★★★★ SR,12,80,"1,622","1,862","9,735","11,637","11,787","14,110","13,787","16,110",Attack: 0.58% ・ Defense: 3.00%,145,8.10%,31.50%,5  ,3  ,4  ,6 Hits,Earth,7  ,"Male,　Servant,　Humanoid,　Weak to Enuma Elish,　Sky or Earth Servant", 0.58% ,  3.00%
122,Gawain,"Gwalchmei,　Gualguanus,　Walwein",Saber,123,★★★★ SR,12,80,"1,695","1,827","10,173","11,419","12,317","13,845","14,317","15,845",Attack: 1.14% ・ Defense: 3.00%,102,10.00%,21.00%,1  ,2  ,2  ,5 Hits,Earth,4  ,"Male,　Servant,　Humanoid,　Weak to Enuma Elish,　Riding,　Brynhild's Beloved,　Sky or Earth Servant", 1.14% ,  3.00%
123,Hassan of the Serenity,"Visha Kanya,　Poison Girl",Assassin,124,★★★ R,7,70,"1,232","1,675","6,636","9,310","8,981","12,623","10,981","14,623",Attack: 0.53% ・ Defense: 4.00%,102,25.60%,44.00%,4  ,3  ,3  ,5 Hits,Man,1  ,"Female,　Servant,　Humanoid,　Weak to Enuma Elish", 0.53% ,  4.00%
124,Tawara Touta,"Tawara Touda,　Fujiwara no Hidesato",Archer,125,★★★ R,7,70,"1,306","1,764","7,032","9,800","9,517","13,287","11,517","15,287",Attack: 0.57% ・ Defense: 3.00%,150,7.80%,36.00%,1  ,3  ,2  ,5 Hits,Man,3  ,"Male,　Servant,　Humanoid,　Weak to Enuma Elish,　Brynhild's Beloved", 0.57% ,  3.00%
125,Bedivere,Knight of Airgetlam,Saber,126,★★★ R,7,70,"1,416","1,727","7,627","9,595","10,322","13,009","12,322","15,009",Attack: 1.11% ・ Defense: 3.00%,100,10.20%,28.00%,1  ,2  ,2  ,5 Hits,Star,2  ,"Male,　Servant,　Humanoid,　Weak to Enuma Elish,　Brynhild's Beloved", 1.11% ,  3.00%
126,Leonardo da Vinci,"Da Vinci-chan,　Mona Lisa",Caster,127,★★★★★ SSR,16,90,"1,637","2,091","10,598","14,259","11,601","15,621","13,601","17,621",Attack: 0.54% ・ Defense: 3.00%,50,10.80%,34.50%,1  ,3  ,4  ,4 Hits,Star,1  ,"Female,　Servant,　Humanoid,　Weak to Enuma Elish", 0.54% ,  3.00%
127,Tamamo-no-Mae,"Amaterasu,　Tamamo Shark",Lancer,128,★★★★★ SSR,16,90,"1,657","2,221","10,726","15,147","11,741","16,594","13,741","18,594",Attack: 1.05% ・ Defense: 4.00%,91,12.20%,40.00%,3  ,2  ,4  ,4 Hits,Sky,4  ,"Female,　Servant,　Humanoid,　Divine,　Weak to Enuma Elish,　Riding,　Sky or Earth Servant", 1.05% ,  4.00%
128,Altria Pendragon,Water Blitz World Champion,Archer,129,★★★★★ SSR,16,90,"1,742","2,134","11,276","14,553","12,343","15,943","14,343","17,943",Attack: 0.59% ・ Defense: 3.00%,153,8.00%,25.80%,3  ,3  ,4  ,5 Hits,Earth,10  ,"Female,　Servant,　Humanoid,　Dragon,　Weak to Enuma Elish,　Altria Face,　Arthur,　Sky or Earth Servant,　King", 0.59% ,  3.00%
129,Marie Antoinette,Beach Flower of Versailles,Caster,130,★★★★ SR,12,80,"1,510","1,824","9,060","11,404","10,970","13,827","12,970","15,827",Attack: 0.32% ・ Defense: 3.00%,50,10.90%,36.00%,1  ,5  ,3  ,4 Hits,Man,3  ,"Female,　Servant,　Humanoid,　Weak to Enuma Elish", 0.32% ,  3.00%
130,Anne Bonny & Mary Read,Anne x Mary,Archer,131,★★★★ SR,12,80,"1,574","1,843","9,446","11,521","11,437","13,969","13,437","15,969",Attack: 0.85% ・ Defense: 3.00%,153,8.10%,40.50%,1  ,2  ,3  ,5 Hits,Man,9  ,"Female,　Servant,　Humanoid,　Weak to Enuma Elish", 0.85% ,  3.00%
131,Mordred,Knight of Rebellion,Rider,132,★★★★ SR,12,80,"1,535","1,824","9,212","11,400","11,154","13,822","13,154","15,822",Attack: 0.71% ・ Defense: 3.00%,204,9.20%,35.00%,1  ,2  ,3  ,4 Hits,Earth,5  ,"Female,　Servant,　Humanoid,　Dragon,　Weak to Enuma Elish,　Altria Face,　Sky or Earth Servant", 0.71% ,  3.00%
132,Scathach,Queen of the Shadow Realm,Assassin,133,★★★★ SR,12,80,"1,508","1,786","9,049","11,168","10,956","13,541","12,956","15,541",Attack: 0.71% ・ Defense: 4.00%,98,25.60%,44.00%,3  ,3  ,3  ,5 Hits,Star,5  ,"Female,　Servant,　Humanoid,　Weak to Enuma Elish,　King", 0.71% ,  4.00%
133,Kiyohime,Princess Kiyo,Lancer,134,★★★★ SR,12,80,"1,489","1,899","8,936","11,870","10,820","14,392","12,820","16,392",Attack: 1.05% ・ Defense: 4.00%,92,12.00%,40.00%,6  ,2  ,2  ,5 Hits,Earth,6  ,"Female,　Servant,　Humanoid,　Dragon,　Weak to Enuma Elish,　Sky or Earth Servant", 1.05% ,  4.00%
134,Martha,"Martha of Bethany,　Saint of the Waterside",Ruler,135,★★★★ SR,12,80,"1,591","1,800","9,546","11,250","11,558","13,640","13,558","15,640",Attack: 0.76% ・ Defense: 3.00%,102,10.00%,21.00%,1  ,3  ,4  ,5 Hits,Man,10  ,"Female,　Servant,　Humanoid,　Weak to Enuma Elish", 0.76% ,  3.00%
135,Illyasviel von Einzbern,Prisma Illya,Caster,136,★★★★★ SSR,16,90,"1,677","2,027","10,857","13,825","11,885","15,146","13,885","17,146",Attack: 0.32% ・ Defense: 3.00%,51,10.70%,42.00%,1  ,5  ,3  ,5 Hits,Man,4  ,"Female,　Servant,　Humanoid,　Weak to Enuma Elish,　Pseudo-Servant,　Illya", 0.32% ,  3.00%
136,Chloe von Einzbern,"Kuro,　Black Illya",Archer,137,★★★★ SR,12,80,"1,640","1,746","9,845","10,914","11,920","13,233","13,920","15,233",Attack: 0.38% ・ Defense: 3.00%,148,8.00%,36.00%,2  ,6  ,3  ,4 Hits,Sky,6  ,"Female,　Servant,　Humanoid,　Weak to Enuma Elish,　Sky or Earth Servant,　Pseudo-Servant", 0.38% ,  3.00%
137,Elisabeth Bathory (Brave),Brave Hero Eli-chan,Saber,138,★★★★ SR,12,80,"1,649","1,799","9,899","11,248","11,986","13,638","13,986","15,638",Attack: 0.55% ・ Defense: 3.00%,100,9.90%,28.00%,1  ,3  ,4  ,5 Hits,Earth,7  ,"Female,　Servant,　Humanoid,　Dragon,　Weak to Enuma Elish,　Sky or Earth Servant", 0.55% ,  3.00%
138,Cleopatra,Cleopatra VII,Assassin,139,★★★★★ SSR,16,90,"1,713","1,965","11,088","13,402","12,138","14,682","14,138","16,682",Attack: 1.06% ・ Defense: 4.00%,98,25.50%,49.50%,3  ,2  ,4  ,6 Hits,Man,5  ,"Female,　Servant,　Humanoid,　Divine,　Weak to Enuma Elish,　King", 1.06% ,  4.00%
139,Vlad III (EXTRA),"Count Dracula,　Lord Impaler",Lancer,140,★★★★ SR,12,80,"1,462","2,080","8,775","13,005","10,625","15,769","12,625","17,769",Attack: 1.10% ・ Defense: 4.00%,88,11.60%,24.00%,3  ,2  ,3  ,5 Hits,Earth,6  ,"Male,　Servant,　Humanoid,　Weak to Enuma Elish,　Sky or Earth Servant,　King", 1.10% ,  4.00%
140,Jeanne d'Arc Alter Santa Lily,Second Generation Santa,Lancer,141,★★★★ SR,12,80,"1,543","1,899","9,261","11,870","11,213","14,392","13,213","16,392",Attack: 0.72% ・ Defense: 4.00%,92,12.10%,28.00%,1  ,3  ,3  ,5 Hits,Man,5  ,"Female,　Servant,　Humanoid,　Weak to Enuma Elish,　Altria Face", 0.72% ,  4.00%
141,Ishtar,"Rin Tohsaka,　Goddess of Love and War",Archer,142,★★★★★ SSR,16,90,"1,893","2,048","12,252","13,965","13,412","15,299","15,412","17,299",Attack: 0.45% ・ Defense: 3.00%,153,8.00%,22.50%,1  ,4  ,4  ,7 Hits,Sky,3  ,"Female,　Servant,　Humanoid,　Divine,　Weak to Enuma Elish,　Sky or Earth Servant,　Pseudo-Servant", 0.45% ,  3.00%
142,Enkidu,Chain of Heaven,Lancer,143,★★★★★ SSR,16,90,"1,666","2,244","10,780","15,300","11,800","16,762","13,800","18,762",Attack: 0.53% ・ Defense: 4.00%,90,12.00%,28.00%,1  ,5  ,4  ,6 Hits,Sky,5  ,"Servant,　Humanoid,　Weak to Enuma Elish,　Sky or Earth Servant", 0.53% ,  4.00%
143,Quetzalcoatl,Feathered Serpent,Rider,144,★★★★★ SSR,16,90,"1,854","1,900","12,001","12,960","13,137","14,198","15,137","16,198",Attack: 0.90% ・ Defense: 3.00%,205,9.00%,25.00%,3  ,2  ,3  ,5 Hits,Sky,1  ,"Female,　Servant,　Humanoid,　Divine,　Weak to Enuma Elish,　Riding,　Sky or Earth Servant,　King", 0.90% ,  3.00%
144,Gilgamesh,Wise King of Uruk,Caster,145,★★★★ SR,12,80,"1,410","1,920","8,460","12,005","10,243","14,556","12,243","16,556",Attack: 0.32% ・ Defense: 3.00%,51,10.90%,42.00%,6  ,5  ,2  ,5 Hits,Man,10  ,"Male,　Servant,　Humanoid,　Divine,　Weak to Enuma Elish,　Brynhild's Beloved,　King", 0.32% ,  3.00%
145,Medusa,Ana,Lancer,146,★★★★ SR,12,80,"1,375","2,099","8,253","13,119","9,993","15,907","11,993","17,907",Attack: 0.44% ・ Defense: 4.00%,89,12.20%,40.00%,1  ,4  ,3  ,5 Hits,Earth,8  ,"Female,　Servant,　Humanoid,　Divine,　Weak to Enuma Elish,　Sky or Earth Servant", 0.44% ,  4.00%
146,Gorgon,Medusa,Avenger,147,★★★★ SR,12,80,"1,784","1,631","10,706","10,197","12,963","12,364","14,963","14,364",Attack: 0.37% ・ Defense: 5.00%,29,6.00%,7.00%,3  ,5  ,3  ,5 Hits,Earth,3  ,"Female,　Servant,　Humanoid,　Weak to Enuma Elish,　Sky or Earth Servant", 0.37% ,  5.00%
147,Jaguar Warrior,Fujimura Taiga,Lancer,148,★★★ R,7,70,"1,304","1,726","7,022","9,593","9,503","13,007","11,503","15,007",Attack: 1.05% ・ Defense: 4.00%,90,12.00%,40.00%,4  ,2  ,2  ,6 Hits,Earth,2  ,"Female,　Servant,　Humanoid,　Wild Beast,　Weak to Enuma Elish,　Sky or Earth Servant,　Pseudo-Servant", 1.05% ,  4.00%
148,Tiamat,"Beast II,　Primordial Goddess of the Ocean",Beast II,149,★★★★★ SSR,16,90,"2,101","2,745","13,596","18,720","14,883","20,509","16,883","22,509",Attack: 0.00% ・ Defense: 0.00%,104,9.90%,11.00%,1  ,1  ,1  ,1 Hits,Beast,1  ,"Female,　Servant,　Divine,　Not Weak to Enuma Elish", 0.00% ,  0.00%
149,Merlin,Magus of Flowers,Caster,150,★★★★★ SSR,16,90,"1,629","2,091","10,546","14,259","11,544","15,621","13,544","17,621",Attack: 0.81% ・ Defense: 3.00%,49,10.80%,36.00%,5  ,2  ,3  ,6 Hits,Earth,0  ,"Male,　Servant,　Humanoid,　Weak to Enuma Elish,　Sky or Earth Servant", 0.81% ,  3.00%
150,Goetia,"Beast I,　Fake Solomon",Beast I,151,★★★★★ SSR,16,90,"2,268","11,400","24,721","688,560","24,721","688,560","26,721","690,560",Attack: 0.00% ・ Defense: 0.00%,0,0.00%,100.00%,5  ,5  ,5  ,1 Hits,Beast,3  ,"Servant,　Humanoid,　Not Weak to Enuma Elish,　King", 0.00% ,  0.00%
151,Solomon,"True Solomon,　Romani Archaman",Caster,152,★★★★★ SSR,16,90,"1,645","2,091","10,650","14,259","11,658","15,621","13,658","17,621",Attack: 0.00% ・ Defense: 0.00%,51,11.00%,33.00%,1  ,1  ,1  ,1 Hits,Earth,3  ,"Male,　Servant,　Humanoid,　Weak to Enuma Elish,　Sky or Earth Servant,　King", 0.00% ,  0.00%
152,Miyamoto Musashi,Japan's Greatest Swordsman,Saber,153,★★★★★ SSR,16,90,"1,860","1,999","12,037","13,635","13,176","14,938","15,176","16,938",Attack: 0.87% ・ Defense: 3.00%,100,10.00%,35.00%,2  ,3  ,3  ,4 Hits,Man,7  ,"Female,　Servant,　Humanoid,　Weak to Enuma Elish", 0.87% ,  3.00%
153,“First Hassan”,King Hassan,Assassin,154,★★★★★ SSR,16,90,"1,831","1,956","11,848","13,338","12,969","14,612","14,969","16,612",Attack: 1.00% ・ Defense: 4.00%,98,25.50%,49.50%,1  ,3  ,5  ,6 Hits,Man,1  ,"Male,　Servant,　Humanoid,　Weak to Enuma Elish,　Brynhild's Beloved", 1.00% ,  4.00%
154,Mysterious Heroine X (Alter),Mysterious Sailor X,Berserker,155,★★★★★ SSR,16,90,"1,717","2,079","11,113","14,175","12,165","15,529","14,165","17,529",Attack: 1.07% ・ Defense: 5.00%,9,5.00%,37.30%,4  ,2  ,3  ,5 Hits,Star,9  ,"Female,　Servant,　Humanoid,　Dragon,　Not Weak to Enuma Elish,　Altria Face,　Arthur,　King", 1.07% ,  5.00%
155,Shinjuku Archer,James Moriarty,Archer,156,★★★★★ SSR,16,90,"1,820","2,007","11,781","13,685","12,896","14,992","14,896","16,992",Attack: 0.38% ・ Defense: 3.00%,153,8.00%,31.50%,5  ,4  ,3  ,6 Hits,Man,12  ,"Male,　Servant,　Humanoid,　Weak to Enuma Elish", 0.38% ,  3.00%
156,Emiya (Alter),"Detroit Emiya,　Demiya",Archer,157,★★★★ SR,12,80,"1,499","1,960","8,996","12,250","10,892","14,853","12,892","16,853",Attack: 0.43% ・ Defense: 3.00%,145,7.90%,31.50%,4  ,4  ,4  ,5 Hits,Man,10  ,"Male,　Servant,　Humanoid,　Weak to Enuma Elish", 0.43% ,  3.00%
157,Shinjuku Avenger,Hessian Lobo,Avenger,158,★★★★ SR,12,80,"1,771","1,591","10,628","9,949","12,868","12,063","14,868","14,063",Attack: 0.79% ・ Defense: 5.00%,29,6.00%,10.00%,2  ,2  ,3  ,5 Hits,Earth,8  ,"Male,　Servant,　Humanoid,　Wild Beast,　Weak to Enuma Elish,　Sky or Earth Servant", 0.79% ,  5.00%
158,Shinjuku Assassin,"Yan Qing,　Doppelganger",Assassin,159,★★★★ SR,12,80,"1,443","1,862","8,661","11,637","10,487","14,110","12,487","16,110",Attack: 0.71% ・ Defense: 4.00%,100,25.60%,49.50%,1  ,3  ,3  ,5 Hits,Man,11  ,"Male,　Servant,　Humanoid,　Weak to Enuma Elish", 0.71% ,  4.00%
159,Arthur Pendragon (Prototype),"King Arthur,　King of Knights",Saber,160,★★★★★ SSR,16,90,"1,926","2,049","12,465","13,975","13,645","15,310","15,645","17,310",Attack: 0.84% ・ Defense: 3.00%,100,10.00%,24.50%,1  ,2  ,3  ,5 Hits,Earth,3  ,"Male,　Servant,　Humanoid,　Dragon,　Weak to Enuma Elish,　Riding,　Arthur,　Brynhild's Beloved,　Sky or Earth Servant,　King", 0.84% ,  3.00%
160,Hijikata Toshizo,Vice Captain of Shinsengumi,Berserker,161,★★★★★ SSR,16,90,"1,868","1,764","12,089","12,028","13,233","13,177","15,233","15,177",Attack: 1.08% ・ Defense: 5.00%,9,4.90%,65.00%,2  ,2  ,3  ,3 Hits,Man,5  ,"Male,　Servant,　Humanoid,　Weak to Enuma Elish", 1.08% ,  5.00%
161,Chacha,Lady Yodo,Berserker,162,★★★★ SR,12,80,"1,490","1,764","8,945","11,025","10,831","13,368","12,831","15,368",Attack: 1.03% ・ Defense: 5.00%,10,4.90%,52.00%,5  ,2  ,3  ,4 Hits,Man,8  ,"Female,　Servant,　Humanoid,　Weak to Enuma Elish", 1.03% ,  5.00%
162,Meltryllis,Alter Ego S,Alterego,163,★★★★★ SSR,16,90,"1,807","1,965","11,692","13,402","12,799","14,682","14,799","16,682",Attack: 0.92% ・ Defense: 4.00%,100,10.20%,30.00%,1  ,2  ,4  ,6 Hits,Earth,8  ,"Female,　Servant,　Humanoid,　Divine,　Weak to Enuma Elish,　Riding,　Sky or Earth Servant", 0.92% ,  4.00%
163,Passionlip,Alter Ego M,Alterego,164,★★★★ SR,12,80,"1,716","1,744","10,299","10,901","12,470","13,217","14,470","15,217",Attack: 0.77% ・ Defense: 4.00%,97,9.90%,35.00%,1  ,3  ,4  ,5 Hits,Earth,12  ,"Female,　Servant,　Humanoid,　Divine,　Weak to Enuma Elish,　Sky or Earth Servant", 0.77% ,  4.00%
164,Suzuka Gozen,Tate Eboshi,Saber,165,★★★★ SR,12,80,"1,590","1,880","9,544","11,753","11,556","14,250","13,556","16,250",Attack: 0.57% ・ Defense: 3.00%,100,10.20%,21.00%,3  ,3  ,3  ,4 Hits,Sky,10  ,"Female,　Servant,　Humanoid,　Divine,　Weak to Enuma Elish,　Riding,　Sky or Earth Servant", 0.57% ,  3.00%
165,BB,Mysterious Black Magus,Moon Cancer,166,★★★★ SR,12,80,"1,366","2,182","8,197","13,643","9,925","16,542","11,925","18,542",Attack: 0.61% ・ Defense: 3.00%,52,14.70%,0.60%,1  ,3  ,4  ,4 Hits,Man,5  ,"Female,　Servant,　Humanoid,　Weak to Enuma Elish", 0.61% ,  3.00%
166,Sessyoin Kiara,Heaven's Hole,Alterego,167,★★★★★ SSR,16,90,"1,803","2,142","11,668","14,606","12,772","16,001","14,772","18,001",Attack: 0.55% ・ Defense: 4.00%,97,10.00%,25.00%,1  ,3  ,3  ,5 Hits,Beast,3  ,"Female,　Servant,　Humanoid,　Not Weak to Enuma Elish", 0.55% ,  4.00%
167,Beast III/R,"Sessyoin Kiara,　Heaven's Hole",Beast III,168,★★★★★ SSR,16,90,"2,121","2,745","13,728","18,720","15,027","20,509","17,027","22,509",Attack: 0.55% ・ Defense: 3.00%,102,10.00%,0.00%,2  ,1  ,3  ,3 Hits,Beast,3  ,"Female,　Servant,　Humanoid,　Not Weak to Enuma Elish", 0.55% ,  3.00%
168,Fuyajo Caster,Scheherazade,Caster,169,★★★★★ SSR,16,90,"1,423","2,324","9,212","15,846","10,084","17,360","12,084","19,360",Attack: 0.51% ・ Defense: 3.00%,52,10.00%,48.00%,4  ,3  ,4  ,4 Hits,Man,5  ,"Female,　Servant,　Humanoid,　Weak to Enuma Elish", 0.51% ,  3.00%
169,Fuyajo Assassin,Wu Zetian,Assassin,170,★★★★ SR,12,80,"1,496","1,750","8,981","10,942","10,874","13,267","12,874","15,267",Attack: 0.87% ・ Defense: 4.00%,102,25.50%,38.50%,3  ,3  ,3  ,3 Hits,Man,4  ,"Female,　Servant,　Humanoid,　Weak to Enuma Elish,　King", 0.87% ,  4.00%
170,El Dorado Berserker,Penthesilea,Berserker,171,★★★★ SR,12,80,"1,750","1,628","10,502","10,175","12,716","12,337","14,716","14,337",Attack: 1.07% ・ Defense: 5.00%,10,4.90%,39.00%,2  ,2  ,3  ,5 Hits,Earth,8  ,"Female,　Servant,　Humanoid,　Divine,　Weak to Enuma Elish,　Sky or Earth Servant,　King", 1.07% ,  5.00%
171,Resistance Rider,Christopher Columbus,Rider,172,★★★ R,7,70,"1,216","1,728","6,552","9,600","8,867","13,016","10,867","15,016",Attack: 0.55% ・ Defense: 3.00%,208,8.90%,50.00%,4  ,3  ,3  ,5 Hits,Man,4  ,"Male,　Servant,　Humanoid,　Weak to Enuma Elish", 0.55% ,  3.00%
172,Sherlock Holmes,The Consulting Detective,Ruler,173,★★★★★ SSR,16,90,"1,776","1,960","11,495","13,365","12,583","14,642","14,583","16,642",Attack: 0.76% ・ Defense: 3.00%,103,10.00%,24.50%,4  ,3  ,3  ,5 Hits,Star,0  ,"Male,　Servant,　Humanoid,　Not Weak to Enuma Elish", 0.76% ,  3.00%
173,Paul Bunyan,Learning with Manga! Berserker,Berserker,174,★,3,60,"1,099","1,239","6,044","6,196","9,391","9,551","11,391","11,551",Attack: 0.67% ・ Defense: 5.00%,9,4.90%,65.00%,3  ,3  ,3  ,4 Hits,Earth,2  ,"Female,　Servant,　Humanoid,　Weak to Enuma Elish,　Sky or Earth Servant", 0.67% ,  5.00%
174,Nero Claudius,Race Team ｢Tyrant Shooting Star｣,Caster,175,★★★★★ SSR,16,90,"1,677","2,007","10,857","13,685","11,885","14,992","13,885","16,992",Attack: 0.40% ・ Defense: 3.00%,51,11.10%,42.00%,2  ,6  ,4  ,6 Hits,Man,5  ,"Female,　Servant,　Humanoid,　Weak to Enuma Elish,　Riding,　Roman,　Altria Face,　King", 0.40% ,  3.00%
175,Frankenstein,Race Team ｢Steam Electrical with Papa｣,Saber,176,★★★★ SR,12,80,"1,558","1,919","9,353","11,993","11,325","14,541","13,325","16,541",Attack: 0.70% ・ Defense: 3.00%,102,9.90%,31.50%,5  ,4  ,3  ,5 Hits,Earth,5  ,"Female,　Servant,　Humanoid,　Weak to Enuma Elish,　Sky or Earth Servant", 0.70% ,  3.00%
176,Nitocris,Race Team ｢Desert Beauty｣,Assassin,177,★★★★ SR,12,80,"1,468","1,843","8,812","11,518","10,670","13,965","12,670","15,965",Attack: 0.78% ・ Defense: 4.00%,102,25.00%,33.00%,1  ,2  ,3  ,4 Hits,Sky,3  ,"Female,　Servant,　Humanoid,　Divine,　Weak to Enuma Elish,　Sky or Earth Servant,　King", 0.78% ,  4.00%
177,Oda Nobunaga,Race Team ｢Feared Demon King of the Sixth Heaven X｣,Berserker,178,★★★★ SR,12,80,"1,691","1,603","10,146","10,023","12,285","12,153","14,285","14,153",Attack: 0.93% ・ Defense: 5.00%,10,5.00%,52.00%,6  ,2  ,3  ,5 Hits,Man,12  ,"Female,　Servant,　Humanoid,　Weak to Enuma Elish,　King", 0.93% ,  5.00%
178,Altria Pendragon (Alter),"King Arthur,　King of Knights",Rider,179,★★★★★ SSR,16,90,"1,665","2,090","10,776","14,256","11,796","15,618","13,796","17,618",Attack: 0.59% ・ Defense: 3.00%,200,9.00%,30.00%,2  ,3  ,3  ,5 Hits,Man,6  ,"Female,　Servant,　Humanoid,　Dragon,　Weak to Enuma Elish,　Riding,　Altria Face,　Arthur,　King", 0.59% ,  3.00%
179,Helena Blavatsky,Helena Petrovna Blavatsky,Archer,180,★★★★ SR,12,80,"1,574","1,824","9,446","11,404","11,437","13,827","13,437","15,827",Attack: 0.38% ・ Defense: 3.00%,135,8.00%,27.00%,1  ,5  ,3  ,3 Hits,Man,4  ,"Female,　Servant,　Humanoid,　Weak to Enuma Elish", 0.38% ,  3.00%
180,Minamoto-no-Raikou,"Yorimitsu,　Ushi Gozen",Lancer,181,★★★★ SR,12,80,"1,528","1,938","9,168","12,112","11,100","14,686","13,100","16,686",Attack: 0.75% ・ Defense: 4.00%,89,11.80%,24.00%,1  ,4  ,3  ,5 Hits,Sky,6  ,"Female,　Servant,　Humanoid,　Divine,　Weak to Enuma Elish,　Riding,　Sky or Earth Servant", 0.75% ,  4.00%
181,Ishtar,"Rin Tohsaka,　Goddess of Love and War",Rider,182,★★★★ SR,12,80,"1,600","1,710","9,603","10,692","11,627","12,964","13,627","14,964",Attack: 0.68% ・ Defense: 3.00%,200,9.00%,35.00%,5  ,3  ,2  ,3 Hits,Sky,4  ,"Female,　Servant,　Humanoid,　Divine,　Weak to Enuma Elish,　Riding,　Sky or Earth Servant,　Pseudo-Servant", 0.68% ,  3.00%
182,Parvati,"Matou Sakura,　Goddess of Love and Devotion",Lancer,183,★★★★ SR,12,80,"1,354","2,120","8,127","13,253","9,840","16,069","11,840","18,069",Attack: 1.08% ・ Defense: 4.00%,90,11.80%,28.00%,3  ,2  ,3  ,5 Hits,Sky,4  ,"Female,　Servant,　Humanoid,　Divine,　Weak to Enuma Elish,　Sky or Earth Servant,　Pseudo-Servant", 1.08% ,  4.00%
183,Archer Inferno,Tomoe Gozen,Archer,184,★★★★ SR,12,80,"1,657","1,728","9,946","10,804","12,043","13,100","14,043","15,100",Attack: 0.87% ・ Defense: 3.00%,153,7.90%,31.50%,2  ,2  ,3  ,5 Hits,Earth,1  ,"Female,　Servant,　Humanoid,　Weak to Enuma Elish,　Demonic,　Sky or Earth Servant", 0.87% ,  3.00%
184,Assassin Paraiso,Mochizuki Chiyome,Assassin,185,★★★★ SR,12,80,"1,418","1,862","8,510","11,637","10,304","14,110","12,304","16,110",Attack: 0.80% ・ Defense: 4.00%,99,25.50%,44.00%,3  ,2  ,3  ,4 Hits,Earth,5  ,"Female,　Servant,　Humanoid,　Weak to Enuma Elish,　Sky or Earth Servant", 0.80% ,  4.00%
185,Houzouin Inshun,Lancer Purgatorio,Lancer,186,★★★ R,7,70,"1,261","1,799","6,791","9,996","9,191","13,553","11,191","15,553",Attack: 1.06% ・ Defense: 4.00%,90,12.20%,36.00%,2  ,2  ,3  ,4 Hits,Man,0  ,"Male,　Servant,　Humanoid,　Weak to Enuma Elish,　Brynhild's Beloved", 1.06% ,  4.00%
186,Yagyuu Tajima-no-Kami Munenori,Saber Empireo,Saber,187,★★★★ SR,12,80,"1,666","1,781","9,999","11,135","12,107","13,501","14,107","15,501",Attack: 0.81% ・ Defense: 3.00%,100,10.30%,35.00%,1  ,2  ,4  ,4 Hits,Man,4  ,"Male,　Servant,　Humanoid,　Weak to Enuma Elish,　Riding", 0.81% ,  3.00%
187,Katou Danzou,"Tobi Katou,　Karakuri Mechanical Puppet",Assassin,188,★★★★ SR,12,80,"1,489","1,768","8,935","11,055","10,818","13,404","12,818","15,404",Attack: 0.71% ・ Defense: 4.00%,100,25.50%,44.00%,2  ,3  ,4  ,5 Hits,Earth,3  ,"Female,　Servant,　Humanoid,　Weak to Enuma Elish,　Sky or Earth Servant", 0.71% ,  4.00%
188,Osakabe-hime,Shadow Princess of the Himeji Castle,Assassin,189,★★★★★ SSR,16,90,"1,672","2,027","10,824","13,822","11,849","15,143","13,849","17,143",Attack: 0.83% ・ Defense: 4.00%,102,24.60%,31.60%,3  ,2  ,4  ,5 Hits,Earth,0  ,"Female,　Servant,　Humanoid,　Divine,　Weak to Enuma Elish,　Sky or Earth Servant", 0.83% ,  4.00%
189,Mecha Eli-chan,Blood Countess (Robot Version),Alterego,190,★★★★ SR,12,80,"1,666","1,744","9,997","10,901","12,104","13,217","14,104","15,217",Attack: 0.90% ・ Defense: 4.00%,97,9.70%,50.00%,2  ,3  ,4  ,4 Hits,Man,8  ,"Female,　Servant,　Humanoid,　Weak to Enuma Elish,　Mecha,　Threat to Humanity", 0.90% ,  4.00%
190,Mecha Eli-chan Mk.II,Blood Countess (Robot Version),Alterego,191,★★★★ SR,12,80,"1,666","1,744","9,997","10,901","12,104","13,217","14,104","15,217",Attack: 0.90% ・ Defense: 4.00%,97,9.70%,50.00%,2  ,3  ,4  ,4 Hits,Man,8  ,"Female,　Servant,　Humanoid,　Weak to Enuma Elish,　Mecha,　Threat to Humanity", 0.90% ,  4.00%
191,Okeanos Caster,Circe,Caster,192,★★★★ SR,12,80,"1,445","1,960","8,671","12,250","10,499","14,853","12,499","16,853",Attack: 0.39% ・ Defense: 3.00%,51,10.80%,34.50%,2  ,3  ,3  ,4 Hits,Sky,5  ,"Female,　Servant,　Humanoid,　Weak to Enuma Elish,　Sky or Earth Servant", 0.39% ,  3.00%
192,Nezha,"Marshal of the Central Altar,　Third Lotus Prince",Lancer,193,★★★★ SR,12,80,"1,547","1,938","9,284","12,112","11,241","14,686","13,241","16,686",Attack: 0.72% ・ Defense: 4.00%,91,12.20%,28.00%,3  ,3  ,4  ,4 Hits,Sky,3  ,"Female,　Servant,　Humanoid,　Weak to Enuma Elish,　Sky or Earth Servant", 0.72% ,  4.00%
193,Midrash Caster,Queen of Sheba,Caster,194,★★★★ SR,12,80,"1,438","1,940","8,629","12,127","10,448","14,704","12,448","16,704",Attack: 0.81% ・ Defense: 3.00%,51,10.80%,36.00%,4  ,3  ,4  ,5 Hits,Man,5  ,"Female,　Servant,　Humanoid,　Weak to Enuma Elish,　King", 0.81% ,  3.00%
194,Abigail Williams,Dunwich Horror,Foreigner,195,★★★★★ SSR,16,90,"1,870","2,019","12,100","13,770","13,245","15,086","15,245","17,086",Attack: 0.25% ・ Defense: 3.00%,148,14.80%,7.00%,4  ,6  ,4  ,5 Hits,Earth,4  ,"Female,　Servant,　Humanoid,　Divine,　Not Weak to Enuma Elish,　Sky or Earth Servant,　Threat to Humanity", 0.25% ,  3.00%
195,Ereshkigal,"Rin Tohsaka,　Goddess of the Underworld",Lancer,196,★★★★★ SSR,16,90,"1,598","2,356","10,343","16,065","11,322","17,600","13,322","19,600",Attack: 0.54% ・ Defense: 4.00%,90,11.80%,28.00%,1  ,6  ,4  ,4 Hits,Earth,5  ,"Female,　Servant,　Humanoid,　Divine,　Weak to Enuma Elish,　Sky or Earth Servant,　Pseudo-Servant,　King", 0.54% ,  4.00%
196,Altera the Sun (Ta),"Attila the Hun [Ta],　Santa Claus Elder",Archer,197,★★★★ SR,12,80,"1,626","1,862","9,759","11,637","11,816","14,110","13,816","16,110",Attack: 0.59% ・ Defense: 3.00%,153,8.10%,27.00%,3  ,3  ,3  ,4 Hits,Star,10  ,"Female,　Servant,　Humanoid,　Divine,　Not Weak to Enuma Elish,　Riding,　King", 0.59% ,  3.00%
197,Katsushika Hokusai,"Octopus from Another Planet,　O-Ei",Foreigner,198,★★★★★ SSR,16,90,"1,870","1,940","12,100","13,230","13,245","14,494","15,245","16,494",Attack: 0.33% ・ Defense: 3.00%,153,15.00%,7.00%,4  ,6  ,4  ,4 Hits,Man,5  ,"Female,　Servant,　Humanoid,　Divine,　Weak to Enuma Elish,　Threat to Humanity", 0.33% ,  3.00%
198,Semiramis,Wise Queen of Assyria,Assassin,199,★★★★★ SSR,16,90,"1,747","1,945","11,309","13,266","12,379","14,533","14,379","16,533",Attack: 0.39% ・ Defense: 4.00%,102,24.70%,33.00%,4  ,4  ,4  ,5 Hits,Earth,5  ,"Female,　Servant,　Humanoid,　Divine,　Weak to Enuma Elish,　Sky or Earth Servant,　King", 0.39% ,  4.00%
199,Asagami Fujino,Fujinon,Archer,200,★★★★ SR,12,80,"1,716","1,764","10,299","11,025","12,470","13,368","14,470","15,368",Attack: 0.59% ・ Defense: 3.00%,148,7.90%,27.00%,3  ,3  ,3  ,5 Hits,Man,3  ,"Female,　Servant,　Humanoid,　Not Weak to Enuma Elish", 0.59% ,  3.00%
200,Anastasia,"Grand Duchess of Russia,　Shvibzik",Caster,201,★★★★★ SSR,16,90,"1,629","2,091","10,546","14,259","11,544","15,621","13,544","17,621",Attack: 0.51% ・ Defense: 3.00%,49,10.80%,36.00%,3  ,3  ,4  ,5 Hits,Man,4  ,"Female,　Servant,　Humanoid,　Weak to Enuma Elish", 0.51% ,  3.00%
201,Atalante (Alter),Atalante Metamorphosis,Berserker,202,★★★★ SR,12,80,"1,634","1,701","9,806","10,634","11,873","12,894","13,873","14,894",Attack: 1.05% ・ Defense: 5.00%,9,5.10%,45.50%,3  ,2  ,3  ,5 Hits,Earth,5  ,"Female,　Servant,　Humanoid,　Wild Beast,　Weak to Enuma Elish,　Sky or Earth Servant", 1.05% ,  5.00%
202,Avicebron,Solomon ibn Gabirol,Caster,203,★★★ R,7,70,"1,184","1,796","6,376","9,981","8,629","13,533","10,629","15,533",Attack: 0.61% ・ Defense: 3.00%,50,10.70%,36.00%,4  ,2  ,4  ,5 Hits,Man,3  ,"Male,　Servant,　Humanoid,　Weak to Enuma Elish", 0.61% ,  3.00%
203,Antonio Salieri,Imperial Kapellmeister,Avenger,204,★★★ R,7,70,"1,509","1,411","8,125","7,840","10,996","10,630","12,996","12,630",Attack: 0.70% ・ Defense: 5.00%,30,6.10%,8.00%,3  ,2  ,3  ,5 Hits,Man,3  ,"Male,　Servant,　Humanoid,　Weak to Enuma Elish,　Brynhild's Beloved,　Sky or Earth Servant", 0.70% ,  5.00%
204,Ivan the Terrible,"Ivan IV Vasilyevich,　Ivan Groznyi",Rider,205,★★★★★ SSR,16,90,"1,795","1,948","11,619","13,284","12,719","14,553","14,719","16,553",Attack: 0.62% ・ Defense: 3.00%,200,8.90%,40.00%,2  ,3  ,4  ,4 Hits,Man,5  ,"Male,　Servant,　Humanoid,　Wild Beast,　Weak to Enuma Elish,　Riding,　King", 0.62% ,  3.00%
205,Achilleus,Greatest Hero of Ancient Greece,Rider,206,★★★★★ SSR,16,90,"1,836","1,938","11,883","13,219","13,008","14,482","15,008","16,482",Attack: 0.57% ・ Defense: 3.00%,196,9.10%,40.00%,2  ,3  ,4  ,4 Hits,Earth,5  ,"Male,　Servant,　Humanoid,　Divine,　Weak to Enuma Elish,　Riding,　Brynhild's Beloved,　Sky or Earth Servant,　Men of Greek Mythology", 0.57% ,  3.00%
206,Cheiron,Sagittarius,Archer,207,★★★★ SR,12,80,"1,549","1,960","9,294","12,250","11,253","14,853","13,253","16,853",Attack: 0.68% ・ Defense: 3.00%,148,8.10%,31.50%,4  ,3  ,3  ,5 Hits,Sky,4  ,"Male,　Servant,　Humanoid,　Divine,　Weak to Enuma Elish,　Sky or Earth Servant,　Men of Greek Mythology", 0.68% ,  3.00%
207,Sieg,Fafnir,Caster,208,★★★★ SR,12,80,"1,399","1,806","8,394","11,288","10,163","13,686","12,163","15,686",Attack: 0.78% ・ Defense: 3.00%,50,10.80%,54.00%,3  ,2  ,3  ,4 Hits,Man,3  ,"Male,　Servant,　Humanoid,　Dragon,　Weak to Enuma Elish", 0.78% ,  3.00%
208,Okita Souji (Alter),Majin,Alterego,209,★★★★★ SSR,16,90,"1,926","1,862","12,465","12,696","13,645","13,909","15,645","15,909",Attack: 0.77% ・ Defense: 4.00%,99,10.20%,35.00%,3  ,3  ,5  ,5 Hits,Man,7  ,"Female,　Servant,　Humanoid,　Weak to Enuma Elish,　Altria Face,　Brynhild's Beloved", 0.77% ,  4.00%
209,Okada Izou,Hitokiri,Assassin,210,★★★ R,7,70,"1,277","1,592","6,879","8,844","9,310","11,991","11,310","13,991",Attack: 0.79% ・ Defense: 4.00%,97,25.00%,55.00%,1  ,2  ,4  ,5 Hits,Man,4  ,"Male,　Servant,　Humanoid,　Weak to Enuma Elish", 0.79% ,  4.00%
210,Sakamoto Ryouma,Saitani Umetarou,Rider,211,★★★★ SR,12,80,"1,425","1,900","8,555","11,880","10,358","14,404","12,358","16,404",Attack: 0.56% ・ Defense: 3.00%,203,9.00%,45.00%,4  ,3  ,4  ,6 Hits,Man,4  ,"Male,　Servant,　Humanoid,　Divine,　Weak to Enuma Elish,　Riding,　Brynhild's Beloved", 0.56% ,  3.00%
211,Napoleon,Napoleone di Buonaparte,Archer,212,★★★★★ SSR,16,90,"1,859","1,920","12,033","13,097","13,172","14,348","15,172","16,348",Attack: 0.59% ・ Defense: 3.00%,150,8.00%,45.00%,1  ,3  ,3  ,5 Hits,Star,5  ,"Male,　Servant,　Humanoid,　Not Weak to Enuma Elish,　Brynhild's Beloved,　King", 0.59% ,  3.00%
212,Sigurd,King of Warriors,Saber,213,★★★★★ SSR,16,90,"1,926","2,049","12,465","13,975","13,645","15,310","15,645","17,310",Attack: 0.62% ・ Defense: 3.00%,97,10.00%,28.00%,2  ,3  ,4  ,5 Hits,Earth,7  ,"Male,　Servant,　Humanoid,　Dragon,　Divine,　Weak to Enuma Elish,　Riding,　Brynhild's Beloved,　Sky or Earth Servant", 0.62% ,  3.00%
213,Walkure,"Valkyrie,　Ortlinde,　Hild,　Thrud",Lancer,214,★★★★ SR,12,80,"1,339","2,244","8,037","14,025","9,731","17,005","11,731","19,005",Attack: 0.86% ・ Defense: 4.00%,87,12.00%,23.00%,3  ,2  ,3  ,4 Hits,Sky,7  ,"Female,　Servant,　Humanoid,　Divine,　Weak to Enuma Elish,　Sky or Earth Servant", 0.86% ,  4.00%
214,Scathach=Skadi,Goddess of Winter and Mountains,Caster,215,★★★★★ SSR,16,90,"1,661","2,112","10,753","14,406","11,771","15,782","13,771","17,782",Attack: 0.67% ・ Defense: 3.00%,49,10.80%,30.00%,4  ,3  ,4  ,5 Hits,Sky,0  ,"Female,　Servant,　Humanoid,　Divine,　Weak to Enuma Elish,　Sky or Earth Servant,　King", 0.67% ,  3.00%
215,Jeanne d'Arc,"Joan of Arc,　La Pucelle d'Orleans",Archer,216,★★★★★ SSR,16,90,"1,626","2,309","10,525","15,743","11,521","17,247","13,521","19,247",Attack: 0.68% ・ Defense: 3.00%,153,8.00%,36.00%,2  ,2  ,4  ,5 Hits,Man,4  ,"Female,　Servant,　Humanoid,　Weak to Enuma Elish,　Altria Face", 0.68% ,  3.00%
216,Ibaraki-Douji,Mt. Ooe Demon Gang Leader,Lancer,217,★★★★ SR,12,80,"1,522","1,976","9,133","12,354","11,058","14,979","13,058","16,979",Attack: 1.06% ・ Defense: 4.00%,90,11.70%,36.00%,4  ,2  ,4  ,5 Hits,Earth,3  ,"Female,　Servant,　Humanoid,　Weak to Enuma Elish,　Demonic,　Sky or Earth Servant,　Demon Beast,　Oni", 1.06% ,  4.00%
217,Ushiwakamaru,"Minamoto no Yoshitsune,　Shanaou",Assassin,218,★★★★ SR,12,80,"1,576","1,692","9,456","10,580","11,449","12,828","13,449","14,828",Attack: 0.54% ・ Defense: 4.00%,102,25.30%,38.50%,3  ,4  ,4  ,6 Hits,Man,5  ,"Female,　Servant,　Humanoid,　Weak to Enuma Elish,　Riding,　Brynhild's Beloved", 0.54% ,  4.00%
218,Jeanne d'Arc (Alter),"Joan of Arc,　La Pucelle d'Orleans",Berserker,219,★★★★ SR,12,80,"1,716","1,587","10,298","9,922","12,469","12,030","14,469","14,030",Attack: 0.52% ・ Defense: 5.00%,9,5.00%,45.50%,3  ,4  ,4  ,5 Hits,Man,5  ,"Female,　Servant,　Humanoid,　Weak to Enuma Elish,　Altria Face", 0.52% ,  5.00%
219,BB,"BB Pele,　BB Hotep",Moon Cancer,220,★★★★★ SSR,16,90,"1,728","2,172","11,182","14,812","12,240","16,227","14,240","18,227",Attack: 0.61% ・ Defense: 3.00%,52,14.80%,0.50%,5  ,3  ,4  ,4 Hits,Earth,3  ,"Female,　Servant,　Divine,　Weak to Enuma Elish,　Sky or Earth Servant", 0.61% ,  3.00%
220,Queen Medb,Queen of Connacht,Saber,221,★★★★ SR,12,80,"1,336","2,177","8,017","13,609","9,707","16,501","11,707","18,501",Attack: 0.72% ・ Defense: 3.00%,104,10.00%,31.50%,2  ,2  ,4  ,5 Hits,Earth,6  ,"Female,　Servant,　Humanoid,　Weak to Enuma Elish,　Riding,　Sky or Earth Servant,　King", 0.72% ,  3.00%
221,Mysterious Heroine XX,???,Foreigner,222,★★★★ SR,12,80,"1,625","1,800","9,751","11,250","11,806","13,640","13,806","15,640",Attack: 0.64% ・ Defense: 3.00%,147,15.00%,10.00%,4  ,3  ,4  ,4 Hits,Star,4  ,"Female,　Servant,　Humanoid,　Dragon,　Not Weak to Enuma Elish,　Riding,　Altria Face,　Arthur,　Brynhild's Beloved,　King", 0.64% ,  3.00%
222,Diarmuid Ua Duibhne,Diarmuid O'Dyna,Saber,223,★★★★ SR,12,80,"1,674","1,818","10,048","11,362","12,166","13,776","14,166","15,776",Attack: 0.73% ・ Defense: 3.00%,97,10.20%,31.50%,4  ,3  ,4  ,4 Hits,Earth,10  ,"Male,　Servant,　Humanoid,　Weak to Enuma Elish,　Riding,　Brynhild's Beloved,　Sky or Earth Servant", 0.73% ,  3.00%
223,Sitonai,"Illyasviel von Einzbern,　Freyja,　Louhi",Alterego,224,★★★★★ SSR,16,90,"1,803","2,048","11,668","13,965","12,772","15,299","14,772","17,299",Attack: 0.83% ・ Defense: 4.00%,102,10.20%,25.00%,3  ,2  ,4  ,5 Hits,Sky,6  ,"Female,　Servant,　Humanoid,　Divine,　Weak to Enuma Elish,　Sky or Earth Servant,　Pseudo-Servant,　Illya", 0.83% ,  4.00%
224,Shuten-Douji,Dharmapala Girl -  Guardian of the Cosmic Law,Caster,225,★★★★ SR,12,80,"1,589","1,764","9,538","11,025","11,549","13,368","13,549","15,368",Attack: 0.46% ・ Defense: 3.00%,50,11.00%,34.50%,2  ,4  ,4  ,5 Hits,Earth,13  ,"Female,　Servant,　Humanoid,　Dragon,　Divine,　Weak to Enuma Elish,　Demonic,　Sky or Earth Servant,　Demon Beast,　Oni", 0.46% ,  3.00%
225,Xiang Yu,"Kouu the Tyrant King,　Huiji Type-0",Berserker,226,★★★★★ SSR,16,90,"1,794","2,019","11,613","13,770","12,712","15,086","14,712","17,086",Attack: 0.51% ・ Defense: 5.00%,9,5.10%,52.00%,3  ,4  ,6  ,5 Hits,Man,5  ,"Male,　Servant,　Humanoid,　Weak to Enuma Elish", 0.51% ,  5.00%
226,Lan Ling Wang,"Prince of Lan Ling,　Gao Changgong,　Ran Ryou-Ou",Saber,227,★★★★ SR,12,80,"1,518","2,020","9,112","12,625","11,033","15,308","13,033","17,308",Attack: 0.65% ・ Defense: 3.00%,98,10.20%,31.50%,2  ,3  ,3  ,5 Hits,Man,0  ,"Male,　Servant,　Humanoid,　Weak to Enuma Elish,　Riding,　Brynhild's Beloved", 0.65% ,  3.00%
227,Qin Liangyu,"Zhensu,　Shin Ryougyoku",Lancer,228,★★★★ SR,12,80,"1,382","2,142","8,295","13,387","10,043","16,231","12,043","18,231",Attack: 0.79% ・ Defense: 4.00%,91,12.10%,36.00%,3  ,2  ,4  ,4 Hits,Man,1  ,"Female,　Servant,　Humanoid,　Weak to Enuma Elish,　Brynhild's Beloved", 0.79% ,  4.00%
228,Shi Huang Di,"Qin Shi Huang,　Shikoutei",Ruler,229,★★★★★ SSR,16,90,"1,541","2,321","9,977","15,828","10,921","17,340","12,921","19,340",Attack: 0.47% ・ Defense: 3.00%,100,10.00%,23.60%,3  ,4  ,5  ,4 Hits,Man,0  ,"Servant,　Humanoid,　Weak to Enuma Elish,　King", 0.47% ,  3.00%
229,Yu Meiren,"Consort Yu,　Beauty Yu,　Gu Bijin",Assassin,230,★★★★ SR,12,80,"1,328","2,142","7,970","13,389","9,650","16,234","11,650","18,234",Attack: 0.75% ・ Defense: 4.00%,97,24.70%,31.60%,3  ,4  ,4  ,4 Hits,Earth,5  ,"Female,　Servant,　Humanoid,　Weak to Enuma Elish,　Demonic,　Sky or Earth Servant", 0.75% ,  4.00%
230,Chituma,"Red Hare (Horse),　Sekitoba",Rider,231,★★★ R,7,70,"1,194","1,886","6,434","10,483","8,708","14,214","10,708","16,214",Attack: 0.57% ・ Defense: 3.00%,198,9.00%,40.00%,1  ,3  ,4  ,5 Hits,Earth,4  ,"Male,　Servant,　Humanoid,　Wild Beast,　Weak to Enuma Elish,　Riding,　Brynhild's Beloved,　Sky or Earth Servant", 0.57% ,  3.00%
231,Bradamante,Bradamant,Lancer,232,★★★★★ SSR,16,90,"1,674","2,300","10,833","15,682","11,858","17,180","13,858","19,180",Attack: 0.70% ・ Defense: 4.00%,88,12.10%,32.00%,4  ,2  ,4  ,5 Hits,Earth,5  ,"Female,　Servant,　Humanoid,　Weak to Enuma Elish,　Brynhild's Beloved,　Sky or Earth Servant", 0.70% ,  4.00%
232,Quetzalcoatl (Samba/Santa),Feathered Serpent,Ruler,233,★★★★ SR,12,80,"1,614","1,809","9,687","11,306","11,729","13,708","13,729","15,708",Attack: 0.71% ・ Defense: 3.00%,104,10.00%,21.00%,4  ,3  ,4  ,5 Hits,Sky,4  ,"Female,　Servant,　Humanoid,　Weak to Enuma Elish,　Sky or Earth Servant,　King", 0.71% ,  3.00%
233,Benienma,Scarlet King of the Underworld,Saber,234,★★★★★ SSR,16,90,"1,793","2,047","11,607","13,960","12,706","15,294","14,706","17,294",Attack: 0.56% ・ Defense: 3.00%,100,10.30%,24.50%,1  ,3  ,6  ,5 Hits,Earth,5  ,"Female,　Servant,　Humanoid,　Weak to Enuma Elish,　Sky or Earth Servant", 0.56% ,  3.00%
234,Li Shuwen,Imperial Soldier Captain,Assassin,235,★★★★★ SSR,16,90,"1,772","1,843","11,470","12,568","12,556","13,769","14,556","15,769",Attack: 0.99% ・ Defense: 4.00%,97,25.30%,55.00%,1  ,2  ,4  ,5 Hits,Man,1  ,"Male,　Servant,　Humanoid,　Weak to Enuma Elish", 0.99% ,  4.00%
